,season_week,week_start_date,denv1_cases,denv2_cases,denv3_cases,denv4_cases,other_positive_cases,total_cases,year,month,day,TMAX,TMIN,TAVG,TDTR,PRCP,precipitation_amount,Reanalysis_Year,Reanalysis_Month,Reanalysis_Day,Reanalysis_ air_temperature,Reanalysis_ dew_point_temperature,Reanalysis_relative_humidity,Reanalysis_ specific_humidity,Reanalysis_ minimum_air_temperature,Reanalysis_ maximum_air_temperature,Reanalysis_precipitation_amount,Reanalysis_TDTR,Reanalysis_TAVG,week_number, Week,ndvi_se, ndvi_sw,ndvi_ne,ndvi_nw
0,1,2000-07-01,0,0,0,0,0,0,2000,7,1,34.0,-9999.0,-9999.0,-9999.0,-9999.0,8.73,2000,7,1,296.74,295.77,94.92,17.3,294.6,301.5,6.3,6.899999999999977,298.05,26,26.0, 1.928857e-01, 2.472000e-01, 1.322571e-01, 3.408857e-01
1,2,2000-07-08,0,0,0,0,0,0,2000,7,8,32.0,21.2,26.6,10.8,0.0,1.02,2000,7,8,295.92,295.3,96.62,16.87,293,302.6,11.2,9.600000000000023,297.8,27,27.0, 2.168333e-01, 2.416571e-01, 2.761000e-01, 2.894571e-01
2,3,2000-07-15,0,0,0,0,0,0,2000,7,15,-9999.0,14.7,-9999.0,-9999.0,-9999.0,0,2000,7,15,295.39,290.6,75.68,12.45,291,301.2,0,10.199999999999989,296.1,28,28.0, 1.767571e-01, 1.280143e-01, 1.731286e-01, 2.041143e-01
3,4,2000-07-22,0,0,0,0,0,0,2000,7,22,-9999.0,-9999.0,-9999.0,-9999.0,1.0,0,2000,7,22,296.3,293.77,88,15.3,292.8,302.9,1.7,10.099999999999966,297.85,29,29.0, 2.277286e-01, 2.003143e-01, 1.454286e-01, 2.542000e-01
4,5,2000-07-29,0,0,0,0,0,0,2000,7,29,31.0,21.5,26.2,9.5,-9999.0,7.72,2000,7,29,298.85,291.53,65.25,13.25,291.1,305.5,0,14.399999999999977,298.3,30,30.0, 3.286429e-01, 3.610429e-01, 3.221286e-01, 2.543714e-01
5,6,2000-08-05,0,0,0,0,0,0,2000,8,5,32.0,20.0,26.0,12.0,13.0,4.91,2000,8,5,295.24,293.67,91.45,15.12,293.5,299.4,0.7,5.899999999999977,296.45,31,31.0, 2.055286e-01, 2.553143e-01, 1.907571e-01, 2.316714e-01
6,7,2000-08-12,0,0,0,0,0,0,2000,8,12,32.0,21.8,26.9,10.2,0.0,1.01,2000,8,12,297.73,293.3,78.35,14.74,292.9,305,0.8,12.100000000000023,298.95,32,32.0, 3.124857e-01, 3.872714e-01, 3.299857e-01, 3.805857e-01
7,8,2000-08-19,0,0,0,0,0,0,2000,8,19,-9999.0,21.0,-9999.0,-9999.0,53.1,10.91,2000,8,19,297.18,294.67,86.5,16.07,293.1,305.8,1.8,12.699999999999989,299.45000000000005,33,33.0, 3.841333e-01, 3.827500e-01, 3.922400e-01, 3.417800e-01
8,9,2000-08-26,0,0,0,0,0,0,2000,8,26,32.5,20.5,26.5,12.0,15.0,6.79,2000,8,26,300.89,292.85,66.62,14.51,295.2,309.3,1.2,14.100000000000023,302.25,34,34.0, 4.081571e-01, 3.027143e-01, 3.221571e-01, 4.067143e-01
9,10,2000-09-02,0,0,0,0,0,0,2000,9,2,-9999.0,22.0,-9999.0,-9999.0,-9999.0,0,2000,9,2,301.85,289.6,50.12,11.78,294.8,312.3,0,17.5,303.55,35,35.0, 3.320429e-01, 3.242571e-01, 3.210571e-01, 3.146143e-01
10,11,2000-09-09,0,0,0,0,1,1,2000,9,9,34.5,21.7,28.1,12.8,-9999.0,19.39,2000,9,9,299.52,293.58,69.82,15.15,295,306.5,1,11.5,300.75,36,36.0, 2.955857e-01, 2.659286e-01, 2.956833e-01, 3.122143e-01
11,12,2000-09-16,0,0,0,0,0,0,2000,9,16,33.2,21.4,27.3,11.8,22.1,21.25,2000,9,16,295.69,293.21,86.9,14.71,292.6,299,1.2,6.399999999999977,295.8,37,37.0, 2.846571e-01, 3.281571e-01, 3.097571e-01, 3.878833e-01
12,13,2000-09-23,0,0,0,0,0,0,2000,9,23,33.8,20.5,27.1,13.3,40.9,50.33,2000,9,23,298.77,294.7,81.18,16.18,294.6,307.5,0.7,12.899999999999977,301.05,38,38.0, 3.488143e-01, 2.425714e-01, 2.957167e-01, 4.048429e-01
13,14,2000-09-30,0,0,0,0,0,0,2000,9,30,32.0,20.5,26.2,11.5,20.1,13.35,2000,9,30,297.3,295.05,87.57,16.5,295.4,299.9,1.2,4.5,297.65,39,39.0, 1.756857e-01, 1.827857e-01, 9.948333e-02, 2.257143e-01
14,15,2000-10-07,0,0,0,0,0,0,2000,10,7,33.0,22.4,27.7,10.6,1.0,0.37,2000,10,7,297.33,295.67,91.48,17.17,294.3,302.9,5.8,8.599999999999966,298.6,40,40.0, 3.375400e-01, 2.550500e-01, 2.769429e-01, 2.775000e-01
15,16,2000-10-14,0,0,0,0,1,1,2000,10,14,36.0,21.2,28.6,14.8,35.1,20.72,2000,10,14,298.98,293.28,71.55,14.82,294.6,304.1,0.7,9.5,299.35,41,41.0, 2.235333e-01, 1.009167e-01, 1.339143e-01, 3.498000e-01
16,17,2000-10-21,0,0,0,0,1,1,2000,10,21,-9999.0,-9999.0,-9999.0,-9999.0,0.0,2.72,2000,10,21,298.89,294.84,79.53,16.32,293.5,305.9,1.4,12.399999999999977,299.7,42,42.0, 2.748000e-01, 2.794714e-01, 1.870571e-01, 3.739429e-01
17,18,2000-10-28,0,0,0,0,0,0,2000,10,28,-9999.0,21.9,-9999.0,-9999.0,0.0,0,2000,10,28,299.12,293.86,73.83,15.36,292.4,304.2,0.2,11.800000000000011,298.29999999999995,43,43.0, 3.673000e-01, 3.258000e-01, 3.055500e-01, 4.553800e-01
18,19,2000-11-04,0,0,0,0,0,0,2000,11,4,-9999.0,22.8,-9999.0,-9999.0,0.0,3.99,2000,11,4,301.22,295.34,74.75,16.96,294.3,309.8,0,15.5,302.05,44,44.0, 2.951000e-01, 2.796167e-01, 2.115200e-01, 3.044000e-01
19,20,2000-11-11,0,0,0,0,0,0,2000,11,11,36.4,22.4,29.4,14.0,-9999.0,2.05,2000,11,11,302.94,295.34,67.78,17.05,296.9,311.8,0.6,14.900000000000034,304.35,45,45.0, 2.713667e-01, 2.318667e-01, 1.515667e-01, 3.472500e-01
20,21,2000-11-18,0,0,0,0,0,0,2000,11,18,30.0,21.5,25.8,8.5,-9999.0,1.88,2000,11,18,299.15,294.94,81.08,16.48,294.1,306.4,0.1,12.299999999999955,300.25,46,46.0, 9.993333e-02, 6.418333e-02, 3.586000e-02, 1.954857e-01
21,22,2000-11-25,0,0,0,0,0,0,2000,11,25,34.2,21.0,27.6,13.2,2.0,0.31,2000,11,25,298.4,296.27,88.87,17.8,296.1,309.3,5.7,13.199999999999989,302.70000000000005,47,47.0, 1.699833e-01, 1.709167e-01, 2.893000e-01, 3.009833e-01
22,23,2000-12-02,0,0,0,0,0,0,2000,12,2,-9999.0,22.4,-9999.0,-9999.0,-9999.0,0,2000,12,2,298.83,292.78,71.85,14.35,292.7,304.7,0,12,298.7,48,48.0, 2.519714e-01, 3.191000e-01, 2.538000e-01, 3.235143e-01
23,24,2000-12-09,0,0,0,0,0,0,2000,12,9,29.4,22.4,25.9,7.0,2.0,6.77,2000,12,9,297.04,295.85,93.5,17.33,293.3,301.5,5.9,8.199999999999989,297.4,49,49.0, 1.658333e-01, 1.862500e-01, 1.824143e-01, 2.545667e-01
24,25,2000-12-16,0,0,0,0,1,1,2000,12,16,34.3,22.0,28.1,12.3,-9999.0,0,2000,12,16,300.81,288.47,49.4,10.97,295.3,308.7,0,13.399999999999977,302,50,50.0, 3.387857e-01, 2.977000e-01, 3.168286e-01, 3.503429e-01
25,26,2000-12-23,0,0,0,0,0,0,2000,12,23,33.0,23.0,28.0,10.0,-9999.0,0,2000,12,23,298.94,294.62,82.8,16.15,295.2,308.4,4.9,13.199999999999989,301.79999999999995,51,51.0, 2.650143e-01, 3.022429e-01, 1.690571e-01, 2.348667e-01
26,27,2001-01-01,0,0,0,0,0,0,2001,1,1,-9999.0,21.0,-9999.0,-9999.0,14.0,17,2001,1,1,297.42,295.65,90.38,17.26,293.5,304.5,13.4,11,299,1,1.0, 2.547143e-01, 2.870000e-01, 2.285286e-01, 2.505857e-01
27,28,2001-01-08,0,0,0,0,0,0,2001,1,8,33.0,21.6,27.3,11.4,2.0,12.38,2001,1,8,297.56,294.1,82.68,15.63,294,304.1,3,10.100000000000023,299.05,2,2.0, 3.021333e-01, 2.740000e-01, 2.035167e-01, 2.674333e-01
28,29,2001-01-15,0,0,0,0,0,0,2001,1,15,-9999.0,21.2,-9999.0,-9999.0,27.9,22,2001,1,15,297.59,295.34,88.02,16.93,294.3,306.1,9.2,11.800000000000011,300.20000000000005,3,3.0, 1.747571e-01, 1.767286e-01, 1.033167e-01, 2.582429e-01
29,30,2001-01-22,0,0,0,0,0,0,2001,1,22,-9999.0,21.7,-9999.0,-9999.0,7.1,4.97,2001,1,22,295.46,294.3,93.78,15.76,293.5,300.7,2.9,7.199999999999989,297.1,4,4.0, 2.376000e-01, 2.314429e-01, 1.912667e-01, 1.258571e-01
30,31,2001-01-29,0,0,0,0,0,0,2001,1,29,30.2,20.6,25.4,9.6,23.1,2.61,2001,1,29,294.83,294.11,96.05,15.59,292.2,298.2,5.1,6,295.2,5,5.0, 3.415000e-01, 3.690714e-01, 2.606667e-01, 3.293857e-01
31,32,2001-02-05,0,0,0,0,0,0,2001,2,5,,,,,,0,2001,2,5,293.39,293.28,99.48,14.78,292.5,294.1,4.8,1.6000000000000227,293.3,6,6.0, 2.335857e-01, 2.267000e-01, 1.610000e-01, 1.966143e-01
32,33,2001-02-12,0,0,0,0,0,0,2001,2,12,28.5,22.6,25.5,5.9,17.0,0.99,2001,2,12,294.09,293.9,99.15,15.41,293.2,294.7,5.5,1.5,293.95,7,7.0, 1.554143e-01, 1.571000e-01, 1.350167e-01, 1.485286e-01
33,34,2001-02-19,0,0,0,0,0,0,2001,2,19,31.4,22.4,26.9,9.0,-9999.0,0,2001,2,19,297.43,296.39,94.33,18.02,295.2,302.5,7.6,7.300000000000011,298.85,8,8.0, 1.353714e-01, 1.840429e-01, 8.230000e-02, 1.297571e-01
34,35,2001-02-26,0,0,0,0,0,0,2001,2,26,31.2,22.2,26.7,9.0,1.0,0,2001,2,26,297.05,296.47,96.82,18.05,295,302.7,5.3,7.699999999999989,298.85,9,9.0, 3.076400e-01, 2.912833e-01, 2.282167e-01, 2.245000e-01
35,36,2001-03-05,0,0,0,0,0,0,2001,3,5,-9999.0,-9999.0,-9999.0,-9999.0,0.0,0,2001,3,5,297.05,296.86,99.15,18.49,295.6,300.2,23.2,4.599999999999966,297.9,10,10.0, 1.820429e-01, 2.063286e-01, 2.890000e-01, 2.068714e-01
36,37,2001-03-12,0,0,0,0,0,0,2001,3,12,-9999.0,22.4,-9999.0,-9999.0,-9999.0,0.59,2001,3,12,298.35,294.8,83.58,16.32,293.2,309.3,0,16.100000000000023,301.25,11,11.0, 2.053833e-01, 2.041286e-01, 1.769000e-01, 2.063571e-01
37,38,2001-03-19,0,0,0,0,0,0,2001,3,19,33.3,22.1,27.7,11.2,1.0,7.17,2001,3,19,297.91,296.96,94.73,18.73,294,303.6,12.7,9.600000000000023,298.8,12,12.0, 1.883429e-01, 2.841429e-01, 1.950333e-01, 1.635429e-01
38,39,2001-03-26,0,0,0,0,0,0,2001,3,26,-9999.0,20.0,-9999.0,-9999.0,51.1,2.25,2001,3,26,296.58,295.6,94.75,17.08,295,299.3,9.7,4.300000000000011,297.15,13,13.0, 1.623800e-01, 1.322571e-01, 1.508167e-01, 9.465714e-02
39,40,2001-04-02,0,0,0,0,0,0,2001,4,2,35.0,22.2,28.6,12.8,0.0,36.87,2001,4,2,296.43,295.58,95.28,17.05,294.8,300.8,1.4,6,297.8,14,14.0, 2.678143e-01, 2.584000e-01, 3.126429e-01, 2.615000e-01
40,41,2001-04-09,0,0,0,0,0,0,2001,4,9,-9999.0,22.4,-9999.0,-9999.0,17.0,0,2001,4,9,296.46,296.12,98.15,17.69,294.7,301.4,8.9,6.699999999999989,298.04999999999995,15,15.0, 3.827571e-01, 3.762714e-01, 3.709714e-01, 3.438857e-01
41,42,2001-04-16,0,0,0,0,1,1,2001,4,16,33.3,-9999.0,-9999.0,-9999.0,-9999.0,3.95,2001,4,16,297.67,295.45,89.58,16.9,294.3,303.8,3.62,9.5,299.05,16,16.0, 3.125429e-01, 4.074857e-01, 2.822143e-01, 2.621286e-01
42,43,2001-04-23,0,0,0,0,0,0,2001,4,23,34.3,22.4,28.3,11.9,-9999.0,3.58,2001,4,23,299.28,295.27,83.07,16.86,293.2,307.8,0.7,14.600000000000023,300.5,17,17.0, 2.456143e-01, 2.288000e-01, 2.148429e-01, 2.733714e-01
43,44,2001-04-30,0,0,0,0,0,0,2001,4,30,-9999.0,20.5,-9999.0,-9999.0,39.1,38.96,2001,4,30,297.94,297.58,98.05,19.34,295.8,304.4,72.8,8.599999999999966,300.1,18,18.0, 2.540143e-01, 2.625571e-01, 1.790000e-01, 3.128286e-01
44,45,2001-05-07,0,0,0,0,0,0,2001,5,7,30.0,22.7,26.4,7.3,6.1,2.25,2001,5,7,297.35,295.33,90.18,16.8,293.3,305.1,4.3,11.800000000000011,299.20000000000005,19,19.0, 2.664571e-01, 2.273286e-01, 1.886000e-01, 1.962000e-01
45,46,2001-05-14,0,0,0,0,0,0,2001,5,14,,,,,,7.28,2001,5,14,296.5,296.38,99.12,17.82,294.9,297.2,5.3,2.3000000000000114,296.04999999999995,20,20.0, 3.153429e-01, 3.034857e-01, 3.196500e-01, 2.627000e-01
46,47,2001-05-21,0,0,0,0,1,1,2001,5,21,-9999.0,20.5,-9999.0,-9999.0,29.0,23.34,2001,5,21,295.66,295.55,99.43,17.04,294,298.1,12.3,4.100000000000023,296.05,21,21.0, 2.985857e-01, 2.685286e-01, 3.796667e-01, 1.842429e-01
47,48,2001-05-28,1,0,0,0,0,1,2001,5,28,34.8,20.5,27.6,14.3,6.1,20.88,2001,5,28,296.94,296.45,97.2,18.04,294.8,301.5,7.5,6.699999999999989,298.15,22,22.0, 2.999429e-01, 3.874429e-01, 3.029429e-01, 3.187143e-01
48,49,2001-06-04,0,0,0,0,0,0,2001,6,4,-9999.0,22.4,-9999.0,-9999.0,6.1,31.77,2001,6,4,295.1,294.73,97.95,16.34,291.8,299.7,18.29,7.899999999999977,295.75,23,23.0, 3.635667e-01, 2.467286e-01, 1.819143e-01, 2.539714e-01
49,50,2001-06-11,0,0,0,0,0,0,2001,6,11,-9999.0,20.8,-9999.0,-9999.0,18.0,7.57,2001,6,11,295.28,293.33,90.3,14.77,292.2,301.9,0.5,9.699999999999989,297.04999999999995,24,24.0, 3.170833e-01, 2.173429e-01, 2.989667e-01, 2.198714e-01
50,51,2001-06-18,0,0,0,0,1,1,2001,6,18,31.6,20.5,26.0,11.1,8.9,1.92,2001,6,18,294.65,294.45,98.75,15.85,293.8,296.3,4.68,2.5,295.05,25,25.0, 1.041000e-01, 1.137571e-01, 1.082429e-01, 5.965714e-02
51,52,2001-06-25,0,0,0,0,0,0,2001,6,25,32.3,-9999.0,-9999.0,-9999.0,-9999.0,0,2001,6,25,295.3,290.5,75.95,12.36,288.9,304.7,0,15.800000000000011,296.79999999999995,26,26.0, 1.923000e-01, 3.254143e-01, 2.752857e-01, 3.164571e-01
52,1,2001-07-02,0,0,0,0,0,0,2001,7,2,-9999.0,22.4,-9999.0,-9999.0,9.9,12.71,2001,7,2,296.99,294.12,84.15,15.6,293.8,303.6,4.7,9.800000000000011,298.70000000000005,27,27.0, 2.290833e-01, 2.421857e-01, 1.932667e-01, 2.704571e-01
53,2,2001-07-09,0,0,0,0,0,0,2001,7,9,-9999.0,20.8,-9999.0,-9999.0,0.0,0,2001,7,9,295.54,293.55,90.33,15.04,292.9,301.4,0,8.5,297.15,28,28.0, 3.597167e-01, 4.388429e-01, 3.110571e-01, 2.649857e-01
54,3,2001-07-16,0,0,0,0,0,0,2001,7,16,-9999.0,-9999.0,-9999.0,-9999.0,0.0,1.93,2001,7,16,298.68,293.98,80.25,15.46,294.3,307.9,0.1,13.599999999999966,301.1,29,29.0, 3.195000e-01, 3.616333e-01, 2.050857e-01, 1.947429e-01
55,4,2001-07-23,0,0,0,0,0,0,2001,7,23,32.2,21.2,26.7,11.0,6.1,3.82,2001,7,23,296.41,294.52,89.9,16.02,292,304.8,6.36,12.800000000000011,298.4,30,30.0, 2.911571e-01, 3.259857e-01, 2.526333e-01, 2.182000e-01
56,5,2001-07-30,0,0,0,0,0,0,2001,7,30,-9999.0,18.4,-9999.0,-9999.0,0.0,0,2001,7,30,297.43,290.83,70.55,12.66,289.8,306.5,0,16.69999999999999,298.15,31,31.0, 2.371167e-01, 1.339000e-01, 1.956167e-01, 1.883143e-01
57,6,2001-08-06,0,0,0,0,0,0,2001,8,6,33.2,20.8,27.0,12.4,-9999.0,0,2001,8,6,298.93,290.58,61.85,12.46,292.9,308.7,0,15.800000000000011,300.79999999999995,32,32.0, 2.007571e-01, 2.043571e-01, 2.377286e-01, 2.236429e-01
58,7,2001-08-13,0,0,0,0,0,0,2001,8,13,33.4,20.8,27.1,12.6,-9999.0,0,2001,8,13,299.91,291.27,59.23,13.07,292.4,307.9,0,15.5,300.15,33,33.0, 2.821714e-01, 3.664571e-01, 2.735571e-01, 2.658571e-01
59,8,2001-08-20,0,0,0,0,0,0,2001,8,20,34.2,22.0,28.1,12.2,3.0,2.52,2001,8,20,298.77,296.25,86.83,17.76,295.3,303.6,25.7,8.300000000000011,299.45000000000005,34,34.0, 2.407571e-01, 2.469143e-01, 1.931143e-01, 2.063429e-01
60,9,2001-08-27,0,0,0,0,0,0,2001,8,27,-9999.0,21.8,-9999.0,-9999.0,-9999.0,16.84,2001,8,27,298.81,295.5,83.12,17.07,294.3,302.7,5.7,8.399999999999977,298.5,35,35.0, 2.280714e-01, 2.646429e-01, 1.999857e-01, 2.331429e-01
61,10,2001-09-03,0,0,0,0,0,0,2001,9,3,-9999.0,-9999.0,-9999.0,-9999.0,0.0,0,2001,9,3,298.66,295.73,84.6,17.28,295.3,304.8,15.5,9.5,300.05,36,36.0, 3.069500e-01, 3.389429e-01, 2.410286e-01, 1.908714e-01
62,11,2001-09-10,0,0,0,0,0,0,2001,9,10,35.2,21.3,28.2,13.9,1.0,5.85,2001,9,10,298.55,295.33,83.38,16.79,295.1,302.7,8.4,7.599999999999966,298.9,37,37.0, 3.084571e-01, 4.290714e-01, 2.503143e-01, 2.983000e-01
63,12,2001-09-17,0,0,0,0,0,0,2001,9,17,33.8,22.0,27.9,11.8,-9999.0,2.54,2001,9,17,297.86,294.12,80.5,15.67,292.9,302.8,7.3,9.900000000000034,297.85,38,38.0, 3.533143e-01, 3.530429e-01, 3.439714e-01, 3.586714e-01
64,13,2001-09-24,0,0,0,0,0,0,2001,9,24,-9999.0,22.1,-9999.0,-9999.0,-9999.0,0.38,2001,9,24,297.8,294.83,86.9,16.34,294.2,305.7,4.7,11.5,299.95,39,39.0, 3.346714e-01, 3.197714e-01, 3.886143e-01, 2.854000e-01
65,14,2001-10-01,0,0,0,0,0,0,2001,10,1,35.2,22.1,28.7,13.1,-9999.0,1.15,2001,10,1,301.75,291.77,58.72,13.5,292.9,311,0,18.100000000000023,301.95,40,40.0, 3.343857e-01, 4.444000e-01, 2.712857e-01, 2.416857e-01
66,15,2001-10-08,0,0,0,0,0,0,2001,10,8,33.3,21.8,27.5,11.5,0.0,0,2001,10,8,301.1,294.42,69,15.93,296.1,307.3,2.5,11.199999999999989,301.70000000000005,41,41.0, 4.202857e-01, 5.460167e-01, 3.819571e-01, 4.438000e-01
67,16,2001-10-15,0,0,0,0,0,0,2001,10,15,-9999.0,21.2,-9999.0,-9999.0,0.0,5.86,2001,10,15,298.24,296.38,90.27,17.96,295.5,302.8,35.1,7.300000000000011,299.15,42,42.0, 3.102000e-01, 3.820571e-01, 2.971286e-01, 3.454857e-01
68,17,2001-10-22,0,0,0,0,0,0,2001,10,22,33.6,-9999.0,-9999.0,-9999.0,6.1,19.9,2001,10,22,297.59,296.1,92.15,17.61,295.5,301.2,70.7,5.699999999999989,298.35,43,43.0, 1.244833e-01, 2.055714e-01, 2.392667e-01, 1.845000e-01
69,18,2001-10-29,0,0,0,0,0,0,2001,10,29,34.4,23.0,28.7,11.4,39.1,53.49,2001,10,29,298.33,295.38,85.6,16.92,295.3,304.4,2.46,9.099999999999966,299.85,44,44.0, 2.108857e-01, 2.320000e-01, 2.075667e-01, 2.066143e-01
70,19,2001-11-05,0,0,0,0,0,0,2001,11,5,34.4,22.0,28.2,12.4,-9999.0,3.78,2001,11,5,298.85,297.33,91.6,19.09,296.3,302.8,17.2,6.5,299.55,45,45.0, 3.581429e-01, 3.714000e-01, 2.793429e-01, 3.059714e-01
71,20,2001-11-12,0,0,0,0,0,0,2001,11,12,33.5,-9999.0,-9999.0,-9999.0,-9999.0,9.31,2001,11,12,298.32,297.11,93.47,18.77,296.8,300.7,113.3,3.8999999999999773,298.75,46,46.0, 2.773286e-01, 2.969714e-01, 2.303000e-01, 2.773000e-01
72,21,2001-11-19,0,0,0,0,1,1,2001,11,19,-9999.0,-9999.0,-9999.0,-9999.0,0.0,1.24,2001,11,19,297.55,297.25,98.57,18.97,296.3,299.5,20.1,3.1999999999999886,297.9,47,47.0, 3.297000e-01, 4.415714e-01, 3.304167e-01, 3.406429e-01
73,22,2001-11-26,0,0,0,0,1,1,2001,11,26,35.3,-9999.0,-9999.0,-9999.0,4.1,13.98,2001,11,26,299.16,297.27,89.65,19.06,296.2,303.1,11.2,6.900000000000034,299.65,48,48.0, 3.015000e-01, 3.699167e-01, 3.613000e-01, 3.055714e-01
74,23,2001-12-03,0,0,1,0,0,1,2001,12,3,33.6,22.0,27.8,11.6,-9999.0,2.9,2001,12,3,298.68,296.94,91.48,18.6,296,307.5,7.4,11.5,301.75,49,49.0, 3.250571e-01, 3.504714e-01, 2.264714e-01, 2.992571e-01
75,24,2001-12-10,1,0,0,0,1,2,2001,12,10,34.3,21.5,27.9,12.8,16.0,36.32,2001,12,10,298.29,298.01,98.5,19.88,297,301.6,18.02,4.600000000000023,299.3,50,50.0, 3.260333e-01, 3.066429e-01, 2.355333e-01, 3.155714e-01
76,25,2001-12-17,2,0,0,0,2,4,2001,12,17,30.3,23.2,26.8,7.1,0.0,8.76,2001,12,17,297.47,297.23,98.72,18.97,295.4,300.4,20.2,5,297.9,51,51.0, 2.229429e-01, 1.841286e-01, 2.240714e-01, 2.128143e-01
77,26,2001-12-24,0,0,0,0,1,1,2001,12,24,-9999.0,-9999.0,-9999.0,-9999.0,0.0,53.44,2001,12,24,298.03,297.78,98.75,19.54,296.3,299,40.68,2.6999999999999886,297.65,52,52.0, 2.981889e-01, 3.417000e-01, 3.380778e-01, 2.887889e-01
78,27,2002-01-01,2,0,1,0,1,4,2002,1,1,33.4,-9999.0,-9999.0,-9999.0,0.0,48.16,2002,1,1,299.53,296.21,82.57,17.84,295.5,305.5,4.5,10,300.5,1,1.0, 4.057286e-01, 3.800143e-01, 3.484000e-01, 3.686429e-01
79,28,2002-01-08,5,0,3,0,3,11,2002,1,8,36.0,22.2,29.1,13.8,3.0,8.62,2002,1,8,300.93,295.61,75.45,17.13,295.7,307.7,2,12,301.7,2,2.0, 3.275833e-01, 3.833333e-01, 3.759167e-01, 4.102667e-01
80,29,2002-01-15,4,0,7,0,5,16,2002,1,15,35.8,23.5,29.6,12.3,-9999.0,6.14,2002,1,15,299.99,292.8,65.88,14.42,293.2,305.9,1.7,12.699999999999989,299.54999999999995,3,3.0, 2.410857e-01, 1.976429e-01, 1.456500e-01, 2.780286e-01
81,30,2002-01-22,7,1,5,0,10,23,2002,1,22,-9999.0,22.8,-9999.0,-9999.0,14.0,20.45,2002,1,22,297.45,296.32,93.57,17.85,295.4,304.2,2,8.800000000000011,299.79999999999995,4,4.0, 1.041286e-01, 1.419143e-01, 1.483286e-01, 1.121857e-01
82,31,2002-01-29,8,2,1,0,1,12,2002,1,29,30.8,20.8,25.8,10.0,13.0,0.5,2002,1,29,295.15,294.07,94.32,15.58,292,301.8,2.4,9.800000000000011,296.9,5,,,,,
83,32,2002-02-05,3,1,1,0,9,14,2002,2,5,33.2,22.6,27.9,10.6,15.0,14.04,2002,2,5,298.36,296.38,90.3,17.9,295.5,303.9,3.1,8.399999999999977,299.7,6,6.0, 1.849167e-01, 1.844286e-01, 1.733286e-01, 1.687429e-01
84,33,2002-02-12,7,1,3,0,7,18,2002,2,12,33.5,21.0,27.2,12.5,-9999.0,6.65,2002,2,12,297.84,295.47,87.9,16.99,295.2,302.4,0.13,7.199999999999989,298.79999999999995,7,7.0, 2.919714e-01, 3.732714e-01, 2.241429e-01, 3.051000e-01
85,34,2002-02-19,3,0,2,0,3,8,2002,2,19,32.0,23.0,27.5,9.0,0.0,16.51,2002,2,19,296,295.89,99.4,17.4,294.5,300.5,3.2,6,297.5,8,8.0, 1.288000e-01, 1.251714e-01, 1.224333e-01, 9.594286e-02
86,35,2002-02-26,2,0,2,0,3,7,2002,2,26,-9999.0,22.9,-9999.0,-9999.0,6.1,0,2002,2,26,298.92,294.71,83.4,16.23,294.7,308.8,0.2,14.100000000000023,301.75,9,9.0, 1.162000e-01, 2.104143e-01, 1.787429e-01, 8.991429e-02
87,36,2002-03-05,3,0,6,0,1,10,2002,3,5,34.5,-9999.0,-9999.0,-9999.0,-9999.0,24.13,2002,3,5,297,296.83,99.03,18.4,295.6,298.6,20.1,3,297.1,10,10.0, 3.183667e-01, 2.973833e-01, 2.556000e-01, 2.660000e-01
88,37,2002-03-12,2,0,3,0,2,7,2002,3,12,33.0,21.0,27.0,12.0,8.9,3.67,2002,3,12,297.76,296.15,91.68,17.77,294.1,305.8,5.2,11.699999999999989,299.95000000000005,11,11.0, 2.483857e-01, 2.992333e-01, 1.795000e-01, 2.698143e-01
89,38,2002-03-19,2,1,5,0,2,10,2002,3,19,32.3,-9999.0,-9999.0,-9999.0,0.0,36.12,2002,3,19,296.86,296.76,99.68,18.4,296.1,297.6,45.6,1.5,296.85,12,12.0, 2.265857e-01, 2.435143e-01, 2.483333e-01, 2.302000e-01
90,39,2002-03-26,0,0,3,0,2,5,2002,3,26,-9999.0,21.5,-9999.0,-9999.0,13.0,43.25,2002,3,26,296.68,296.4,98.62,18.08,294.5,300.8,9.6,6.300000000000011,297.65,13,13.0, 2.127857e-01, 2.284571e-01, 2.745500e-01, 1.987000e-01
91,40,2002-04-02,1,0,8,0,2,11,2002,4,2,31.0,21.6,26.3,9.4,13.0,13.08,2002,4,2,297.59,297.33,98.62,19.03,295.5,299.5,39.9,4,297.5,14,14.0, 1.970800e-01, 2.763286e-01, 2.962286e-01, 1.805000e-01
92,41,2002-04-09,1,0,4,0,3,8,2002,4,9,-9999.0,21.3,-9999.0,-9999.0,-9999.0,2.39,2002,4,9,296.98,295.7,93.35,17.17,295.2,300.6,2.6,5.400000000000034,297.9,15,15.0, 2.698286e-01, 2.662857e-01, 1.968143e-01, 2.025857e-01
93,42,2002-04-16,1,0,12,0,5,18,2002,4,16,,,,,,0.98,2002,4,16,297.61,296.4,93.53,17.92,294.4,304,6.6,9.600000000000023,299.2,16,16.0, 2.693500e-01, 1.949429e-01, 2.121571e-01, 1.889286e-01
94,43,2002-04-23,2,1,6,0,4,13,2002,4,23,33.5,-9999.0,-9999.0,-9999.0,0.0,32.66,2002,4,23,297.11,296.08,94.62,17.65,294.7,303.8,8.7,9.100000000000023,299.25,17,17.0, 2.678429e-01, 2.669286e-01, 2.614143e-01, 2.485000e-01
95,44,2002-04-30,0,0,7,0,2,9,2002,4,30,,,,,,2.15,2002,4,30,296.94,295.3,91.28,16.89,293,303,3,10,298,18,18.0, 1.703571e-01, 2.570714e-01, 1.418286e-01, 1.977286e-01
96,45,2002-05-07,2,0,15,0,5,22,2002,5,7,-9999.0,21.5,-9999.0,-9999.0,0.0,1.95,2002,5,7,296.09,295.92,99.15,17.41,294.7,299.5,13.6,4.800000000000011,297.1,19,19.0, 2.272571e-01, 2.101143e-01, 1.782429e-01, 1.773857e-01
97,46,2002-05-14,1,1,4,0,4,10,2002,5,14,,,,,,0,2002,5,14,296.15,294.08,90.03,15.53,292.7,303.2,0.1,10.5,297.95,20,20.0, 1.338000e-01, 1.417000e-01, 1.096333e-01, 2.196143e-01
98,47,2002-05-21,0,0,4,0,1,5,2002,5,21,32.3,21.0,26.6,11.3,4.1,0.83,2002,5,21,297.9,296.55,93.05,18.1,294.9,302.8,4.9,7.900000000000034,298.85,21,21.0, 1.921143e-01, 2.222000e-01, 1.776429e-01, 2.308571e-01
99,48,2002-05-28,0,1,7,0,5,13,2002,5,28,33.1,22.8,27.9,10.3,0.0,2.06,2002,5,28,297.38,295.68,90.42,17.27,293.5,305.2,2.4,11.699999999999989,299.35,22,22.0, 1.764571e-01, 2.386286e-01, 1.749143e-01, 1.881571e-01
100,49,2002-06-04,0,0,0,0,2,2,2002,6,4,-9999.0,22.0,-9999.0,-9999.0,-9999.0,15.76,2002,6,4,297.64,295.27,89.23,16.76,294.4,305.8,5.5,11.400000000000034,300.1,23,23.0, 3.204714e-01, 3.431857e-01, 2.780857e-01, 2.377286e-01
101,50,2002-06-11,0,0,6,0,5,11,2002,6,11,29.6,21.4,25.5,8.2,7.1,23.5,2002,6,11,297.23,296.88,97.95,18.41,295.9,299.8,13.66,3.900000000000034,297.85,24,24.0, 3.862667e-01, 3.916286e-01, 2.591333e-01, 3.284143e-01
102,51,2002-06-18,0,0,6,0,5,11,2002,6,18,30.2,18.6,24.4,11.6,-9999.0,0,2002,6,18,295.46,292.78,86,14.32,290.5,303.3,0.4,12.800000000000011,296.9,25,25.0, 2.212714e-01, 2.252143e-01, 1.735143e-01, 2.119714e-01
103,52,2002-06-25,0,0,1,0,2,3,2002,6,25,-9999.0,21.9,-9999.0,-9999.0,-9999.0,0,2002,6,25,295.22,289.88,75.92,11.85,287.4,304.4,0,17,295.9,26,26.0, 1.791714e-01, 2.132857e-01, 2.791000e-01, 1.326143e-01
104,1,2002-07-02,0,0,2,0,5,7,2002,7,2,-9999.0,21.6,-9999.0,-9999.0,0.0,0,2002,7,2,295.01,292.05,86.65,13.63,291.2,303.1,0.1,11.900000000000034,297.15,27,27.0, 1.015429e-01, 7.624286e-02, 1.266000e-01, 1.193571e-01
105,2,2002-07-09,1,0,3,0,3,7,2002,7,9,28.1,-9999.0,-9999.0,-9999.0,0.0,0,2002,7,9,297.09,294.1,86.9,15.56,293.6,306.3,1,12.699999999999989,299.95000000000005,28,28.0, 2.160200e-01, 2.129714e-01, 2.350667e-01, 1.511857e-01
106,3,2002-07-16,0,0,1,0,3,4,2002,7,16,32.7,-9999.0,-9999.0,-9999.0,-9999.0,0,2002,7,16,297.77,294.6,84.85,16.05,293.2,306.6,2,13.400000000000034,299.9,29,29.0, 1.080429e-01, 1.179714e-01, 7.298571e-02, 1.112286e-01
107,4,2002-07-23,0,0,2,0,3,5,2002,7,23,33.8,22.0,27.9,11.8,5.1,21.7,2002,7,23,297.8,295.97,90.6,17.46,294.2,304.8,8.9,10.600000000000023,299.5,30,30.0, 2.225000e-01, 3.464714e-01, 2.631000e-01, 2.489857e-01
108,5,2002-07-30,0,0,5,0,1,6,2002,7,30,-9999.0,-9999.0,-9999.0,-9999.0,0.0,0,2002,7,30,295.13,292.58,87.72,14.09,292,304.6,1.6,12.600000000000023,298.3,31,31.0, 3.870143e-01, 2.830571e-01, 2.601714e-01, 3.492714e-01
109,6,2002-08-06,0,0,4,0,3,7,2002,8,6,-9999.0,20.8,-9999.0,-9999.0,-9999.0,0,2002,8,6,298.57,293.83,75.32,15.36,291.7,306.1,0,14.400000000000034,298.9,32,32.0, 3.041167e-01, 3.378429e-01, 2.788429e-01, 3.074571e-01
110,7,2002-08-13,0,0,3,0,4,7,2002,8,13,33.1,-9999.0,-9999.0,-9999.0,-9999.0,0.9,2002,8,13,295.55,292.48,83.2,14.05,290.9,299.1,0.09,8.200000000000045,295,33,33.0, 3.771571e-01, 3.608429e-01, 3.059000e-01, 2.884000e-01
111,8,2002-08-20,0,0,1,0,3,4,2002,8,20,35.1,-9999.0,-9999.0,-9999.0,-9999.0,0.69,2002,8,20,298.29,292.15,69.95,13.81,295.2,303.8,1,8.600000000000023,299.5,34,34.0, 3.454250e-01, 3.092667e-01, 3.135400e-01, 2.950500e-01
112,9,2002-08-27,1,0,4,0,4,9,2002,8,27,33.3,21.8,27.5,11.5,0.0,3.7,2002,8,27,300,294.52,73.62,16,293.9,310.5,1,16.600000000000023,302.2,35,35.0, 3.045429e-01, 3.224714e-01, 2.694429e-01, 2.508571e-01
113,10,2002-09-03,1,0,12,0,4,17,2002,9,3,-9999.0,19.9,-9999.0,-9999.0,0.0,0,2002,9,3,298.27,293.42,78.12,14.92,292,308.4,0,16.399999999999977,300.2,36,36.0, 2.290143e-01, 1.908857e-01, 1.319714e-01, 2.494571e-01
114,11,2002-09-10,0,0,5,0,3,8,2002,9,10,-9999.0,21.8,-9999.0,-9999.0,0.0,2.38,2002,9,10,300.33,292.57,67.68,14.22,292,309.7,0,17.69999999999999,300.85,37,37.0, 3.075429e-01, 1.907714e-01, 2.941714e-01, 3.234000e-01
115,12,2002-09-17,0,0,21,0,1,22,2002,9,17,36.0,22.1,29.0,13.9,0.0,2.39,2002,9,17,298.87,295.85,84.12,17.41,296,305.4,19.9,9.399999999999977,300.7,38,38.0, 3.274143e-01, 3.838714e-01, 3.472571e-01, 3.386714e-01
116,13,2002-09-24,0,0,16,0,2,18,2002,9,24,37.7,21.9,29.8,15.8,0.0,0.6,2002,9,24,300.57,287.23,47.25,10.13,293,313.2,0,20.19999999999999,303.1,39,39.0, 2.379833e-01, 3.200429e-01, 3.084286e-01, 2.681143e-01
117,14,2002-10-01,0,0,16,0,5,21,2002,10,1,34.6,22.4,28.5,12.2,35.1,22.64,2002,10,1,296.82,295.88,94.7,17.37,294.8,299.7,20.7,4.899999999999977,297.25,40,40.0, 2.721143e-01, 2.741714e-01, 1.793667e-01, 3.142429e-01
118,15,2002-10-08,0,0,13,0,3,16,2002,10,8,34.2,22.1,28.2,12.1,0.0,2.07,2002,10,8,298.74,294.38,78.07,15.92,295.5,301.6,12,6.100000000000023,298.55,41,41.0, 3.781500e-01, 2.459333e-01, 3.857833e-01, 2.314286e-01
119,16,2002-10-15,0,0,19,0,12,31,2002,10,15,36.0,-9999.0,-9999.0,-9999.0,18.0,10.36,2002,10,15,298.03,295.45,86.12,17.05,294.3,302.5,6,8.199999999999989,298.4,42,42.0, 1.992714e-01, 2.277143e-01, 1.592429e-01, 2.581286e-01
120,17,2002-10-22,0,0,16,0,9,25,2002,10,22,-9999.0,23.8,-9999.0,-9999.0,4.1,2.34,2002,10,22,297.84,297.27,96.98,18.99,295.8,304.8,9.9,9,300.3,43,43.0, 2.278714e-01, 2.229429e-01, 2.144571e-01, 2.997714e-01
121,18,2002-10-29,0,0,21,0,7,28,2002,10,29,-9999.0,-9999.0,-9999.0,-9999.0,0.0,2.28,2002,10,29,299.05,297.8,93.62,19.61,297,306.5,5.7,9.5,301.75,44,44.0, 3.290857e-01, 3.159286e-01, 2.862143e-01, 2.940571e-01
122,19,2002-11-05,0,0,18,0,8,26,2002,11,5,33.6,-9999.0,-9999.0,-9999.0,0.5,4.64,2002,11,5,299.54,296.35,86.45,17.97,296.4,306.6,7.6,10.200000000000045,301.5,45,45.0, 3.071429e-01, 3.642857e-01, 2.769500e-01, 2.879286e-01
123,20,2002-11-12,0,0,6,0,12,18,2002,11,12,-9999.0,23.0,-9999.0,-9999.0,27.9,9.05,2002,11,12,296.96,296.79,99.15,18.38,295.9,298.8,30.5,2.900000000000034,297.35,46,46.0, 2.368333e-01, 1.620286e-01, 2.021571e-01, 2.095143e-01
124,21,2002-11-19,0,0,11,0,16,27,2002,11,19,33.4,23.9,28.7,9.5,2.0,3.86,2002,11,19,298.29,297.77,97.15,19.61,295.7,305.6,13.73,9.900000000000034,300.65,47,47.0, 2.506143e-01, 2.982667e-01, 2.791333e-01, 2.156333e-01
125,22,2002-11-26,0,0,8,0,3,11,2002,11,26,33.2,23.7,28.5,9.5,0.3,14.85,2002,11,26,298.21,296.47,91.17,18.01,296.6,302.3,14.5,5.699999999999989,299.45000000000005,48,48.0, 3.109286e-01, 2.563286e-01, 2.852286e-01, 2.907286e-01
126,23,2002-12-03,0,0,22,0,16,38,2002,12,3,34.0,-9999.0,-9999.0,-9999.0,5.1,2.85,2002,12,3,297.55,297.15,97.9,18.81,294.6,299.7,4.7,5.099999999999966,297.15,49,49.0, 3.008000e-01, 3.483286e-01, 2.528000e-01, 3.449571e-01
127,24,2002-12-10,0,0,21,0,8,29,2002,12,10,34.0,24.0,29.0,10.0,0.0,0,2002,12,10,298.98,298.5,97.5,20.58,296.5,306,4.8,9.5,301.25,50,50.0, 2.680286e-01, 1.850714e-01, 1.424286e-01, 2.886714e-01
128,25,2002-12-17,0,0,18,0,3,21,2002,12,17,33.3,21.9,27.6,11.4,64.0,63.65,2002,12,17,297.58,297.03,96.97,18.65,296,301.8,4,5.800000000000011,298.9,51,51.0, 2.542286e-01, 2.090286e-01, 1.839143e-01, 2.707143e-01
129,26,2002-12-24,0,0,9,0,2,11,2002,12,24,32.1,23.4,27.8,8.7,5.1,15.26,2002,12,24,297.62,297.29,98.23,18.97,295.9,299.8,15.6,3.900000000000034,297.85,52,52.0, 1.194000e-01, 1.895857e-01, 1.364000e-01, 1.718286e-01
130,27,2003-01-01,0,0,8,0,2,10,2003,1,1,-9999.0,23.6,-9999.0,-9999.0,1.0,0,2003,1,1,297.85,295.8,90.4,17.29,294.8,305.3,2.4,10.5,300.05,1,1.0, 3.234143e-01, 3.184286e-01, 3.004143e-01, 3.291857e-01
131,28,2003-01-08,0,0,3,0,2,5,2003,1,8,-9999.0,-9999.0,-9999.0,-9999.0,0.0,7.03,2003,1,8,296.96,296.22,96,17.74,295.1,303.1,1.8,8,299.1,2,2.0, 4.884000e-01, 4.697000e-01, 4.024429e-01, 4.149286e-01
132,29,2003-01-15,0,0,5,0,1,6,2003,1,15,-9999.0,23.0,-9999.0,-9999.0,0.8,1.84,2003,1,15,297.68,294.08,80.77,15.6,294.7,304.2,0.4,9.5,299.45,3,3.0, 3.030000e-01, 3.012857e-01, 1.694667e-01, 2.915429e-01
133,30,2003-01-22,0,0,1,0,1,2,2003,1,22,-9999.0,22.5,-9999.0,-9999.0,0.0,0,2003,1,22,299.43,292.91,71.38,14.53,292.5,307.6,0,15.100000000000023,300.05,4,4.0, 2.249571e-01, 2.895000e-01, 2.602714e-01, 2.069286e-01
134,31,2003-01-29,0,0,0,0,1,1,2003,1,29,33.8,-9999.0,-9999.0,-9999.0,2.0,10.47,2003,1,29,299.1,298.18,95.12,20.01,297.3,304.5,10.5,7.199999999999989,300.9,5,5.0, 1.660286e-01, 1.834429e-01, 1.406286e-01, 1.913857e-01
135,32,2003-02-05,0,0,1,0,1,2,2003,2,5,32.2,22.7,27.5,9.5,3.0,10.34,2003,2,5,295.93,295.35,96.88,16.86,294.2,297.8,1.3,3.6000000000000227,296,6,6.0, 1.914500e-01, 1.567143e-01, 8.642857e-02, 1.368000e-01
136,33,2003-02-12,0,0,1,0,1,2,2003,2,12,-9999.0,23.7,-9999.0,-9999.0,58.9,2.83,2003,2,12,297.98,295.88,89.9,17.39,295,304.2,0.3,9.199999999999989,299.6,7,7.0, 3.137143e-01, 2.864714e-01, 2.284143e-01, 2.521143e-01
137,34,2003-02-19,0,0,2,0,1,3,2003,2,19,35.0,23.8,29.4,11.2,0.0,29.36,2003,2,19,300.39,295.21,75.12,16.71,296.6,306.8,1.5,10.199999999999989,301.70000000000005,8,8.0, 1.262571e-01, 1.337143e-01, 1.355143e-01, 1.036571e-01
138,35,2003-02-26,0,0,3,0,2,5,2003,2,26,-9999.0,-9999.0,-9999.0,-9999.0,0.0,2.49,2003,2,26,298.73,295.04,82.03,16.55,295.4,304.7,2.1,9.300000000000011,300.04999999999995,9,9.0, 2.976000e-01, 2.072833e-01, 2.366333e-01, 2.291500e-01
139,36,2003-03-05,0,0,0,0,1,1,2003,3,5,-9999.0,-9999.0,-9999.0,-9999.0,5.1,18.37,2003,3,5,295.64,295.56,99.78,17.07,295.1,297.2,52.4,2.099999999999966,296.15,10,10.0, 1.695286e-01, 1.851429e-01, 1.389571e-01, 2.340571e-01
140,37,2003-03-12,0,0,1,0,3,4,2003,3,12,33.5,-9999.0,-9999.0,-9999.0,0.0,13.02,2003,3,12,296.39,296.3,99.35,17.8,295.5,299.8,57,4.300000000000011,297.65,11,11.0, 2.000000e-01, 1.636286e-01, 1.902857e-01, 1.589429e-01
141,38,2003-03-19,0,0,0,0,2,2,2003,3,19,-9999.0,21.8,-9999.0,-9999.0,0.0,14.39,2003,3,19,299.31,296.04,86.35,17.62,295.8,306.7,4.8,10.899999999999977,301.25,12,12.0, 2.142143e-01, 2.485000e-01, 2.251571e-01, 2.191714e-01
142,39,2003-03-26,0,0,1,0,3,4,2003,3,26,32.9,22.7,27.8,10.2,0.8,8.36,2003,3,26,299.13,295.36,84.2,16.96,292.9,307.5,1.5,14.600000000000023,300.2,13,13.0, 1.475286e-01, 2.059143e-01, 2.694571e-01, 1.268571e-01
143,40,2003-04-02,0,0,0,0,0,0,2003,4,2,34.5,23.2,28.9,11.3,16.0,13.67,2003,4,2,298.12,297.55,96.77,19.33,293.9,302.1,15.7,8.200000000000045,298,14,14.0, 2.482000e-01, 2.886857e-01, 2.627714e-01, 2.065000e-01
144,41,2003-04-09,0,0,0,0,0,0,2003,4,9,-9999.0,-9999.0,-9999.0,-9999.0,11.9,12.83,2003,4,9,298.11,297.1,94.65,18.76,295.8,304,4.45,8.199999999999989,299.9,15,15.0, 2.052429e-01, 2.087857e-01, 1.842000e-01, 1.931286e-01
145,42,2003-04-16,0,0,0,0,0,0,2003,4,16,-9999.0,22.6,-9999.0,-9999.0,7.9,1.69,2003,4,16,297.32,294.82,88.13,16.28,294.2,304.1,0.6,9.900000000000034,299.15,16,16.0, 2.668286e-01, 2.621429e-01, 2.182286e-01, 1.998714e-01
146,43,2003-04-23,0,0,0,0,0,0,2003,4,23,-9999.0,-9999.0,-9999.0,-9999.0,0.5,11.4,2003,4,23,296.3,296.17,99.43,17.7,295.4,297.8,55.7,2.400000000000034,296.6,17,17.0, 3.234429e-01, 2.931000e-01, 2.531714e-01, 2.852286e-01
147,44,2003-04-30,0,0,0,0,1,1,2003,4,30,33.3,23.4,28.3,9.9,1.0,5.56,2003,4,30,296.63,296.48,99.2,18.03,295.1,299,11.7,3.8999999999999773,297.05,18,18.0, 4.350571e-01, 3.348429e-01, 3.769143e-01, 2.636143e-01
148,45,2003-05-07,0,0,1,0,0,1,2003,5,7,31.6,-9999.0,-9999.0,-9999.0,0.0,4.38,2003,5,7,295.81,295.75,99.83,17.23,293.5,297.1,55.1,3.6000000000000227,295.3,19,19.0, 1.994286e-01, 1.477000e-01, 1.501000e-01, 1.834667e-01
149,46,2003-05-14,0,0,1,0,0,1,2003,5,14,31.8,22.3,27.0,9.5,57.9,7.58,2003,5,14,296.04,294.12,90.7,15.62,291.6,304,2.13,12.399999999999977,297.8,20,20.0, 2.454286e-01, 2.688857e-01, 1.847000e-01, 2.614571e-01
150,47,2003-05-21,0,0,1,0,0,1,2003,5,21,31.2,23.7,27.5,7.5,0.0,19.93,2003,5,21,297.08,296.33,95.82,17.89,294.1,303.6,4.7,9.5,298.85,21,21.0, 1.892571e-01, 1.707429e-01, 1.669500e-01, 1.843000e-01
151,48,2003-05-28,0,0,1,0,0,1,2003,5,28,32.1,-9999.0,-9999.0,-9999.0,6.1,42.73,2003,5,28,295.9,295.77,99.45,17.24,295,297.7,4.1,2.6999999999999886,296.35,22,22.0, 2.411429e-01, 2.544571e-01, 1.987000e-01, 2.537286e-01
152,49,2003-06-04,0,0,1,0,1,2,2003,6,4,-9999.0,21.6,-9999.0,-9999.0,0.0,8.4,2003,6,4,297.32,295.67,91.42,17.17,293.8,301.2,1.7,7.399999999999977,297.5,23,23.0, 2.369571e-01, 2.074000e-01, 1.213143e-01, 1.923143e-01
153,50,2003-06-11,0,0,2,0,1,3,2003,6,11,33.5,21.8,27.6,11.7,0.0,4.66,2003,6,11,296.26,292.98,84.38,14.49,291,304.2,0,13.199999999999989,297.6,24,24.0, 3.135857e-01, 2.809143e-01, 3.539833e-01, 2.658571e-01
154,51,2003-06-18,0,0,3,0,1,4,2003,6,18,-9999.0,22.5,-9999.0,-9999.0,0.0,19.76,2003,6,18,296.03,294.1,90.28,15.55,293.4,301.4,1.3,8,297.4,25,25.0, 3.237000e-01, 2.723143e-01, 2.755000e-01, 3.547571e-01
155,52,2003-06-25,0,0,4,0,2,6,2003,6,25,30.6,22.6,26.6,8.0,-9999.0,3.6,2003,6,25,293.8,293.42,97.8,14.89,292.4,296.1,5.1,3.7000000000000455,294.25,26,26.0, 1.882571e-01, 1.928000e-01, 2.322667e-01, 1.737714e-01
156,1,2003-07-02,0,0,1,0,1,2,2003,7,2,31.8,22.1,27.0,9.7,0.0,4.04,2003,7,2,296.24,294.65,91.77,16.12,293.2,302.1,1.5,8.900000000000034,297.65,27,27.0, 2.618143e-01, 2.584286e-01, 1.715857e-01, 3.099429e-01
157,2,2003-07-09,0,0,2,0,0,2,2003,7,9,33.3,22.0,27.6,11.3,10.9,15.63,2003,7,9,297.8,294.1,81.2,15.58,293.5,305.5,1.8,12,299.5,28,28.0, 1.802714e-01, 1.611000e-01, 1.629714e-01, 1.541286e-01
158,3,2003-07-16,0,0,4,0,1,5,2003,7,16,31.1,20.5,25.8,10.6,0.0,0,2003,7,16,297.02,289.75,65.62,11.79,292.6,305.3,0.1,12.699999999999989,298.95000000000005,29,29.0, 1.935714e-01, 2.314714e-01, 1.688500e-01, 1.590857e-01
159,4,2003-07-23,0,0,0,0,1,1,2003,7,23,32.3,22.5,27.4,9.8,16.0,11.18,2003,7,23,296.98,293.9,85.05,15.31,293.3,302.8,1.1,9.5,298.05,30,30.0, 2.858143e-01, 2.774571e-01, 1.630714e-01, 2.880286e-01
160,5,2003-07-30,0,0,1,0,0,1,2003,7,30,32.3,-9999.0,-9999.0,-9999.0,2.0,39.62,2003,7,30,296.29,293.15,84.47,14.64,291.3,302.3,2.3,11,296.8,31,31.0, 2.077857e-01, 2.188143e-01, 1.562143e-01, 1.743286e-01
161,6,2003-08-06,0,0,0,0,0,0,2003,8,6,-9999.0,-9999.0,-9999.0,-9999.0,0.0,0,2003,8,6,298.13,294,79.3,15.48,292.2,307,0,14.800000000000011,299.6,32,32.0, 2.443714e-01, 2.323000e-01, 1.746429e-01, 2.174143e-01
162,7,2003-08-13,0,0,0,0,0,0,2003,8,13,-9999.0,-9999.0,-9999.0,-9999.0,0.0,0,2003,8,13,298.93,291.77,68.45,13.46,293.4,308.1,0,14.700000000000045,300.75,33,33.0, 2.471143e-01, 2.638000e-01, 1.711143e-01, 2.337429e-01
163,8,2003-08-20,0,0,0,0,0,0,2003,8,20,-9999.0,-9999.0,-9999.0,-9999.0,0.0,0,2003,8,20,297.89,294,79.85,15.46,294.1,305.6,0.1,11.5,299.85,34,34.0, 4.252429e-01, 3.855286e-01, 3.624833e-01, 3.566143e-01
164,9,2003-08-27,0,0,0,0,0,0,2003,8,27,-9999.0,21.0,-9999.0,-9999.0,0.0,1.06,2003,8,27,297.41,294.08,85.65,15.54,294,304.4,0.6,10.399999999999977,299.2,35,35.0, 2.495857e-01, 2.652143e-01, 2.122000e-01, 2.508143e-01
165,10,2003-09-03,0,0,1,0,1,2,2003,9,3,33.4,21.9,27.7,11.5,42.9,16.5,2003,9,3,298.49,294.33,78.5,15.77,293.6,306.5,1.4,12.899999999999977,300.05,36,36.0, 3.417000e-01, 2.659857e-01, 2.863143e-01, 2.101857e-01
166,11,2003-09-10,0,0,0,0,0,0,2003,9,10,33.2,22.8,28.0,10.4,23.9,22.74,2003,9,10,296.16,296.07,99.65,17.57,294.6,297.2,87.5,2.599999999999966,295.9,37,37.0, 2.232286e-01, 2.701857e-01, 2.028714e-01, 1.952571e-01
167,12,2003-09-17,0,0,2,0,1,3,2003,9,17,33.2,22.8,28.0,10.4,10.9,32.16,2003,9,17,297.9,297.25,96.4,18.91,296,302.1,14.2,6.100000000000023,299.05,38,38.0, 3.644857e-01, 3.851571e-01, 2.609857e-01, 3.164571e-01
168,13,2003-09-24,0,0,0,0,0,0,2003,9,24,34.1,22.1,28.1,12.0,0.0,0.63,2003,9,24,299.41,293.58,74.25,15.09,292.9,309.8,0,16.900000000000034,301.35,39,39.0, 4.011857e-01, 3.920429e-01, 3.545167e-01, 3.276714e-01
169,14,2003-10-01,0,0,0,0,0,0,2003,10,1,32.0,22.4,27.2,9.6,45.0,4.34,2003,10,1,296.85,296.71,99.38,18.3,295.4,302.6,15,7.2000000000000455,299,40,40.0, 2.535000e-01, 2.321714e-01, 2.371143e-01, 2.290286e-01
170,15,2003-10-08,0,0,0,0,0,0,2003,10,8,34.4,22.9,28.7,11.5,0.0,19.5,2003,10,8,297.67,296.4,93.62,18.08,293.8,304.8,4.5,11,299.3,41,41.0, 1.760286e-01, 2.349286e-01, 1.963833e-01, 2.257571e-01
171,16,2003-10-15,0,0,1,0,1,2,2003,10,15,32.0,22.5,27.2,9.5,7.9,6.42,2003,10,15,297.79,297.09,96.2,18.72,295.5,302.3,4.8,6.800000000000011,298.9,42,42.0, 2.758286e-01, 2.871143e-01, 2.288429e-01, 2.752000e-01
172,17,2003-10-22,0,0,1,0,1,2,2003,10,22,-9999.0,23.6,-9999.0,-9999.0,20.1,7.33,2003,10,22,299.57,295.42,82.48,17,294.1,307.4,0.3,13.299999999999955,300.75,43,43.0, 4.750143e-01, 4.324429e-01, 3.795000e-01, 4.249429e-01
173,18,2003-10-29,0,0,0,0,3,3,2003,10,29,33.4,-9999.0,-9999.0,-9999.0,5.8,13.51,2003,10,29,296.82,295.19,90.93,16.7,295,298.9,4.2,3.8999999999999773,296.95,44,44.0, 1.345143e-01, 1.212714e-01, 1.314714e-01, 1.153571e-01
174,19,2003-11-05,0,0,0,0,3,3,2003,11,5,-9999.0,22.2,-9999.0,-9999.0,0.0,0,2003,11,5,298.58,294.21,78.62,15.75,293,308.4,2.2,15.399999999999977,300.7,45,45.0, 3.946571e-01, 4.190429e-01, 3.269571e-01, 3.912143e-01
175,20,2003-11-12,0,0,0,0,3,3,2003,11,12,-9999.0,22.7,-9999.0,-9999.0,0.5,2.04,2003,11,12,299.14,295.62,83.27,17.15,294.8,306.6,4.4,11.800000000000011,300.70000000000005,46,46.0, 3.176857e-01, 3.244714e-01, 3.246000e-01, 2.498000e-01
176,21,2003-11-19,0,0,1,0,0,1,2003,11,19,34.7,-9999.0,-9999.0,-9999.0,6.1,21.24,2003,11,19,300.04,297.42,85.85,19.27,294.8,305.2,6.8,10.399999999999977,300,47,47.0, 2.636429e-01, 3.012571e-01, 2.816571e-01, 2.466667e-01
177,22,2003-11-26,0,0,1,0,1,2,2003,11,26,34.0,-9999.0,-9999.0,-9999.0,61.0,12.48,2003,11,26,297.59,296.38,93.48,18.01,294.9,301.1,4.1,6.2000000000000455,298,48,48.0, 2.749000e-01, 2.953286e-01, 2.452000e-01, 3.094571e-01
178,23,2003-12-03,0,0,2,0,1,3,2003,12,3,-9999.0,-9999.0,-9999.0,-9999.0,0.0,13.19,2003,12,3,298.7,296.47,89.65,18.1,296.2,304.9,4.4,8.699999999999989,300.54999999999995,49,49.0, 4.003429e-01, 3.696429e-01, 3.180571e-01, 3.287714e-01
179,24,2003-12-10,0,0,4,0,2,6,2003,12,10,34.8,-9999.0,-9999.0,-9999.0,0.0,12.38,2003,12,10,298.54,297.64,94.97,19.46,294.4,306.8,11.4,12.400000000000034,300.6,50,50.0, 3.586286e-01, 3.588000e-01, 2.443500e-01, 3.519000e-01
180,25,2003-12-17,0,0,2,0,3,5,2003,12,17,33.1,-9999.0,-9999.0,-9999.0,8.9,6.43,2003,12,17,295.66,295.5,99.48,17.01,295,297.2,11.1,2.1999999999999886,296.1,51,51.0, 1.926667e-01, 1.363143e-01, 2.244000e-01, 1.361143e-01
181,26,2003-12-24,0,0,0,0,1,1,2003,12,24,-9999.0,23.9,-9999.0,-9999.0,3.0,0,2003,12,24,297.58,297.08,97.3,18.79,294.4,302.1,8.9,7.7000000000000455,298.25,52,52.0, 2.850778e-01, 2.647778e-01, 2.306556e-01, 2.676444e-01
182,27,2004-01-01,0,0,2,0,2,4,2004,1,1,30.4,22.4,26.4,8.0,10.9,6.54,2004,1,1,296.54,296.46,99.68,17.99,295.7,297.5,8.1,1.8000000000000114,296.6,1,1.0, 2.025714e-01, 1.879571e-01, 1.989667e-01, 2.445571e-01
183,28,2004-01-08,0,0,3,0,2,5,2004,1,8,33.2,23.6,28.4,9.6,20.1,10.22,2004,1,8,296.95,296.86,99.62,18.47,296.1,297.7,29.9,1.599999999999966,296.9,2,2.0, 2.494200e-01, 2.590143e-01, 3.088500e-01, 2.086286e-01
184,29,2004-01-15,0,0,4,0,4,8,2004,1,15,34.2,22.7,28.5,11.5,0.0,0.73,2004,1,15,301.03,294.5,69.4,16.05,296.7,307.5,0,10.800000000000011,302.1,3,3.0, 3.278600e-01, 3.402400e-01, 2.984400e-01, 3.067200e-01
185,30,2004-01-22,0,0,2,0,3,5,2004,1,22,35.6,23.6,29.6,12.0,0.0,1.41,2004,1,22,300.99,293.07,65.23,14.66,295.3,308.5,0,13.199999999999989,301.9,4,4.0, 3.205857e-01, 3.441143e-01, 3.365286e-01, 2.566000e-01
186,31,2004-01-29,0,0,1,0,1,2,2004,1,29,36.4,22.4,29.4,14.0,0.0,5.08,2004,1,29,299.57,291.72,63.6,13.47,293.2,307.3,0,14.100000000000023,300.25,5,5.0, 2.330143e-01, 2.055429e-01, 2.351857e-01, 1.964857e-01
187,32,2004-02-05,0,0,1,0,2,3,2004,2,5,32.9,23.2,28.1,9.7,0.0,2.31,2004,2,5,299.89,294.81,76.45,16.34,295.1,306.9,3.7,11.799999999999955,301,6,6.0, 1.235429e-01, 1.172000e-01, 9.930000e-02, 1.128571e-01
188,33,2004-02-12,0,0,1,0,2,3,2004,2,12,-9999.0,22.7,-9999.0,-9999.0,0.0,0,2004,2,12,295.34,294.79,96.9,16.26,294.1,298.4,15.5,4.2999999999999545,296.25,7,7.0, 2.787429e-01, 3.048286e-01, 2.987571e-01, 3.127143e-01
189,34,2004-02-19,0,0,0,0,1,1,2004,2,19,-9999.0,23.6,-9999.0,-9999.0,3.0,8.46,2004,2,19,298.15,297.14,94.55,18.8,296.3,303.3,16.5,7,299.8,8,8.0, 2.366286e-01, 2.225143e-01, 1.670429e-01, 1.970286e-01
190,35,2004-02-26,0,0,5,0,1,6,2004,2,26,34.5,22.3,28.4,12.2,77.0,33.79,2004,2,26,298.2,297.75,97.53,19.48,295.2,301.4,16.1,6.199999999999989,298.29999999999995,9,9.0, 3.190571e-01, 3.000286e-01, 3.352333e-01, 2.176286e-01
191,36,2004-03-04,0,0,3,0,1,4,2004,3,4,-9999.0,-9999.0,-9999.0,-9999.0,0.0,9.03,2004,3,4,296.92,296.64,98.53,18.23,296.1,299.4,33.1,3.2999999999999545,297.75,10,10.0, 2.094714e-01, 1.935714e-01, 2.086571e-01, 1.715000e-01
192,37,2004-03-11,0,0,1,0,0,1,2004,3,11,-9999.0,21.7,-9999.0,-9999.0,90.9,7.51,2004,3,11,298.98,297.07,90.45,18.67,295.9,305.5,26.3,9.600000000000023,300.7,11,11.0, 3.076833e-01, 3.110429e-01, 2.140167e-01, 3.386500e-01
193,38,2004-03-18,0,0,1,0,1,2,2004,3,18,34.0,24.0,29.0,10.0,0.0,2.59,2004,3,18,297.46,296.98,97.35,18.67,295.8,299.9,5.9,4.099999999999966,297.85,12,12.0, 3.859857e-01, 3.465286e-01, 4.247833e-01, 3.514143e-01
194,39,2004-03-25,0,0,2,0,1,3,2004,3,25,33.2,-9999.0,-9999.0,-9999.0,0.0,12.17,2004,3,25,298.23,297.88,98.05,19.69,296.7,301.9,11.9,5.199999999999989,299.29999999999995,13,13.0, 3.062833e-01, 2.901500e-01, 1.987200e-01, 2.988000e-02
195,40,2004-04-01,0,0,0,0,1,1,2004,4,1,33.0,-9999.0,-9999.0,-9999.0,0.0,21.73,2004,4,1,298.1,297.75,97.78,19.46,296.4,301.7,12.3,5.300000000000011,299.04999999999995,14,14.0, 1.360000e-01, 1.294333e-01, 1.380000e-01, 1.862333e-01
196,41,2004-04-08,0,0,5,0,3,8,2004,4,8,33.0,23.7,28.4,9.3,7.9,11.44,2004,4,8,298.82,297.92,95.07,19.77,295.6,303.8,10.9,8.199999999999989,299.70000000000005,15,15.0, 3.592143e-01, 3.612714e-01, 3.348429e-01, 2.791571e-01
197,42,2004-04-15,0,0,2,0,2,4,2004,4,15,33.9,22.9,28.4,11.0,13.0,20.2,2004,4,15,296.96,296.25,96.3,17.82,295.7,300.3,13.9,4.600000000000023,298,16,16.0, 2.441857e-01, 1.882286e-01, 1.958286e-01, 1.747000e-01
198,43,2004-04-22,0,0,4,0,2,6,2004,4,22,31.9,23.5,27.7,8.4,0.5,12.08,2004,4,22,297.85,297.6,98.58,19.35,296,303.5,15.9,7.5,299.75,17,17.0, 3.742857e-01, 2.549429e-01, 3.308000e-01, 2.340333e-01
199,44,2004-04-29,0,0,3,0,4,7,2004,4,29,33.3,22.0,27.6,11.3,0.0,0,2004,4,29,297.53,297.18,98.1,18.86,294.9,301.8,11.9,6.900000000000034,298.35,18,18.0, 2.788400e-01, 3.266286e-01, 1.637667e-01, 1.911833e-01
200,45,2004-05-06,0,0,3,0,2,5,2004,5,6,30.4,-9999.0,-9999.0,-9999.0,2.0,0,2004,5,6,295.99,294.83,93.7,16.27,294.4,297.9,1,3.5,296.15,19,19.0, 1.575667e-01, 1.225333e-01, 1.215429e-01, 1.904143e-01
201,46,2004-05-13,0,0,5,0,3,8,2004,5,13,-9999.0,23.8,-9999.0,-9999.0,0.0,18.03,2004,5,13,298.75,295.55,86.5,17.1,295.5,306.2,0.5,10.699999999999989,300.85,20,20.0, 1.716667e-01, 1.769000e-01, 1.522333e-01, 1.598333e-01
202,47,2004-05-20,0,0,5,0,1,6,2004,5,20,-9999.0,22.3,-9999.0,-9999.0,5.1,6.25,2004,5,20,297.22,297.05,99.15,18.6,295.1,299,13.1,3.8999999999999773,297.05,21,21.0, 2.254667e-01, 2.483167e-01, 1.851500e-01, 1.942000e-01
203,48,2004-05-27,0,0,3,0,2,5,2004,5,27,32.8,-9999.0,-9999.0,-9999.0,55.9,41.57,2004,5,27,296.83,296.27,96.98,17.77,294.5,298.6,3.2,4.100000000000023,296.55,22,22.0, 1.903143e-01, 1.023286e-01, 7.784286e-02, 1.931714e-01
204,49,2004-06-03,0,0,2,0,4,6,2004,6,3,-9999.0,22.5,-9999.0,-9999.0,5.1,15.98,2004,6,3,295.97,295.8,99.27,17.26,294.7,298.2,18.8,3.5,296.45,23,23.0, 1.073000e-01, 1.106143e-01, 1.170667e-01, 1.967857e-01
205,50,2004-06-10,0,0,4,0,2,6,2004,6,10,-9999.0,22.4,-9999.0,-9999.0,15.0,,2004,6,10,296.96,294.83,88.7,16.29,292.4,306,4.5,13.600000000000023,299.2,24,24.0, 2.378429e-01, 2.119714e-01, 2.350833e-01, 1.669571e-01
206,51,2004-06-17,0,0,9,0,4,13,2004,6,17,-9999.0,18.8,-9999.0,-9999.0,0.0,0,2004,6,17,295.71,293.92,90.8,15.35,293.8,300.3,0,6.5,297.05,25,25.0, 3.329571e-01, 3.255143e-01, 1.910000e-01, 2.340429e-01
207,52,2004-06-24,0,0,0,0,2,2,2004,6,24,29.5,-9999.0,-9999.0,-9999.0,-9999.0,2.75,2004,6,24,296.3,295.8,97.48,17.31,293.6,301.5,8.3,7.899999999999977,297.55,26,26.0, 2.392333e-01, 1.970429e-01, 1.535429e-01, 1.328286e-01
208,1,2004-07-01,0,0,6,0,4,10,2004,7,1,-9999.0,-9999.0,-9999.0,-9999.0,0.0,2.41,2004,7,1,297.77,295.22,88.37,16.62,295.4,305.1,2.64,9.700000000000045,300.25,27,27.0, 2.572143e-01, 1.967571e-01, 3.249286e-01, 1.978000e-01
209,2,2004-07-08,0,0,2,0,1,3,2004,7,8,-9999.0,20.5,-9999.0,-9999.0,0.0,1.27,2004,7,8,299.07,293.17,73.05,14.73,293.4,306.3,0,12.900000000000034,299.85,28,28.0, 3.175571e-01, 3.355429e-01, 3.013857e-01, 2.793714e-01
210,3,2004-07-15,0,0,6,0,6,12,2004,7,15,32.1,-9999.0,-9999.0,-9999.0,0.0,3.16,2004,7,15,296.96,295.2,91.05,16.67,292.8,302.2,0.8,9.399999999999977,297.5,29,29.0, 2.328286e-01, 1.532429e-01, 2.737667e-01, 2.338000e-01
211,4,2004-07-22,0,0,5,0,2,7,2004,7,22,-9999.0,-9999.0,-9999.0,-9999.0,0.0,0,2004,7,22,297.54,294.57,84.85,16.09,294.2,302.9,5.8,8.699999999999989,298.54999999999995,30,30.0, 2.679429e-01, 2.849857e-01, 2.995000e-01, 2.177000e-01
212,5,2004-07-29,0,0,5,0,1,6,2004,7,29,-9999.0,21.9,-9999.0,-9999.0,0.0,0,2004,7,29,298.46,293.23,78.63,14.82,293.8,307.4,0,13.599999999999966,300.6,31,31.0, 2.089000e-01, 2.542571e-01, 1.555000e-01, 2.203000e-01
213,6,2004-08-05,0,0,3,0,2,5,2004,8,5,-9999.0,20.0,-9999.0,-9999.0,0.0,7.57,2004,8,5,296.85,291.55,74.35,13.25,289.3,307.2,0,17.899999999999977,298.25,32,32.0, 2.489000e-01, 2.375571e-01, 2.659571e-01, 2.185286e-01
214,7,2004-08-12,0,0,4,0,2,6,2004,8,12,,,,,,0,2004,8,12,297.26,291.52,71.2,13.26,290.2,308.1,0,17.900000000000034,299.15,33,33.0, 1.910714e-01, 2.957000e-01, 2.270000e-01, 1.685286e-01
215,8,2004-08-19,0,0,5,0,1,6,2004,8,19,,,,,,0,2004,8,19,298,295.12,87.38,16.54,293.9,305,2.2,11.100000000000023,299.45,34,34.0, 3.931286e-01, 3.885143e-01, 3.286429e-01, 2.767714e-01
216,9,2004-08-26,0,0,4,0,2,6,2004,8,26,-9999.0,21.7,-9999.0,-9999.0,20.1,56.53,2004,8,26,297.77,295.1,87.9,16.53,294.7,305,3.3,10.300000000000011,299.85,35,35.0, 3.113000e-01, 2.997857e-01, 2.609286e-01, 2.330143e-01
217,10,2004-09-02,0,0,7,0,1,8,2004,9,2,34.3,-9999.0,-9999.0,-9999.0,0.0,13.49,2004,9,2,298.9,296.65,88.07,18.32,296,307.7,3.2,11.699999999999989,301.85,36,36.0, 3.343571e-01, 2.845857e-01, 3.720286e-01, 3.420143e-01
218,11,2004-09-09,0,0,4,0,2,6,2004,9,9,32.9,22.8,27.9,10.1,9.9,11.76,2004,9,9,297.84,296.33,92.53,17.92,295.1,305.7,3.2,10.599999999999966,300.4,37,37.0, 1.302667e-01, 1.174857e-01, 1.512800e-01, 1.108143e-01
219,12,2004-09-16,0,0,5,0,4,9,2004,9,16,-9999.0,20.0,-9999.0,-9999.0,0.0,0,2004,9,16,299.93,293.23,69.25,14.76,293.8,309.8,0,16,301.8,38,38.0, 2.680714e-01, 3.251500e-01, 2.102286e-01, 2.273429e-01
220,13,2004-09-23,0,0,7,0,5,12,2004,9,23,35.5,21.8,28.6,13.7,0.0,10.49,2004,9,23,300.75,295.42,73.2,16.92,295.5,307.6,4.3,12.100000000000023,301.55,39,39.0, 3.915333e-01, 3.325286e-01, 3.207286e-01, 1.595857e-01
221,14,2004-09-30,0,0,11,0,8,19,2004,9,30,32.0,21.6,26.8,10.4,0.0,5.19,2004,9,30,296.42,294.12,87.53,15.58,293.6,301.8,1,8.199999999999989,297.70000000000005,40,40.0, 2.754571e-01, 3.283857e-01, 2.193000e-01, 2.612571e-01
222,15,2004-10-07,0,0,4,0,4,8,2004,10,7,31.2,-9999.0,-9999.0,-9999.0,0.0,8.09,2004,10,7,297.29,297.08,98.77,18.67,296.3,299.8,5.2,3.5,298.05,41,41.0, 2.614714e-01, 2.577429e-01, 1.862429e-01, 3.057286e-01
223,16,2004-10-14,0,0,12,0,4,16,2004,10,14,34.1,-9999.0,-9999.0,-9999.0,-9999.0,4.45,2004,10,14,298.08,296.15,90.12,17.73,294.5,303.9,3.1,9.399999999999977,299.2,42,42.0, 3.523286e-01, 3.553429e-01, 2.841714e-01, 3.764143e-01
224,17,2004-10-21,0,0,15,0,6,21,2004,10,21,-9999.0,-9999.0,-9999.0,-9999.0,9.9,7.66,2004,10,21,298.06,296.18,90.48,17.76,293.5,305.6,4.1,12.100000000000023,299.55,43,43.0, 2.538429e-01, 2.235571e-01, 1.996667e-01, 3.036857e-01
225,18,2004-10-28,0,0,5,0,1,6,2004,10,28,34.1,-9999.0,-9999.0,-9999.0,23.1,8.95,2004,10,28,299.05,297.19,90.58,18.84,296.4,304.3,33.4,7.900000000000034,300.35,44,44.0, 2.953286e-01, 3.197714e-01, 2.312286e-01, 2.604000e-01
226,19,2004-11-04,0,0,15,0,7,22,2004,11,4,-9999.0,23.6,-9999.0,-9999.0,0.0,3.96,2004,11,4,297.99,297.46,97.2,19.29,295.8,304.2,9.8,8.399999999999977,300,45,45.0, 4.148857e-01, 3.656714e-01, 3.245571e-01, 2.727429e-01
227,20,2004-11-11,0,0,23,0,14,37,2004,11,11,35.8,-9999.0,-9999.0,-9999.0,0.0,8.74,2004,11,11,300.37,296.06,77.65,17.81,295.5,308.7,4.4,13.199999999999989,302.1,46,46.0, 3.466857e-01, 3.742000e-01, 3.154143e-01, 2.708571e-01
228,21,2004-11-18,0,0,28,0,5,33,2004,11,18,34.0,22.8,28.4,11.2,47.0,35.35,2004,11,18,298.03,297.52,97.25,19.32,294.3,301.8,21.1,7.5,298.05,47,47.0, 2.278714e-01, 2.095571e-01, 1.945000e-01, 1.909143e-01
229,22,2004-11-25,0,0,15,0,3,18,2004,11,25,33.4,22.4,27.9,11.0,5.1,3.1,2004,11,25,298.12,297.62,97.2,19.4,296.3,303.9,13.8,7.599999999999966,300.1,48,48.0, 2.153167e-01, 2.191286e-01, 1.672857e-01, 2.026286e-01
230,23,2004-12-02,0,0,54,0,29,83,2004,12,2,,,,,,1.12,2004,12,2,297.67,296.49,93.38,18.19,294.5,302,8,7.5,298.25,49,49.0, 2.019429e-01, 2.410857e-01, 1.593667e-01, 1.590429e-01
231,24,2004-12-09,0,0,49,0,67,116,2004,12,9,34.0,23.6,28.8,10.4,0.5,11.14,2004,12,9,299.39,297.1,88.65,18.74,296.4,306,5.6,9.600000000000023,301.2,50,50.0, 3.234286e-01, 3.359000e-01, 3.095143e-01, 2.758286e-01
232,25,2004-12-16,0,0,29,0,3,32,2004,12,16,33.3,-9999.0,-9999.0,-9999.0,-9999.0,14.54,2004,12,16,298.03,296.21,90.65,17.78,295.2,303.8,1.4,8.600000000000023,299.5,51,51.0, 2.611429e-01, 2.363571e-01, 2.033143e-01, 2.437429e-01
233,26,2004-12-23,0,0,6,0,1,7,2004,12,23,-9999.0,22.5,-9999.0,-9999.0,0.0,0.65,2004,12,23,298.77,296.15,88.3,17.72,295.8,304.9,8.8,9.099999999999966,300.35,52,52.0, 3.648625e-01, 3.162000e-01, 3.266000e-01, 4.031125e-01
234,27,2005-01-01,0,0,8,0,1,9,2005,1,1,-9999.0,23.0,-9999.0,-9999.0,50.0,17.71,2005,1,1,299.14,297.12,89.75,18.82,295.7,307.9,12.6,12.199999999999989,301.79999999999995,53,,,,,
235,28,2005-01-08,0,0,9,0,1,10,2005,1,8,-9999.0,22.5,-9999.0,-9999.0,52.1,0,2005,1,8,296.7,296.58,99.48,18.15,295.4,298.1,43.4,2.7000000000000455,296.75,1,1.0, 3.148429e-01, 2.704000e-01, 1.866286e-01, 3.033000e-01
236,29,2005-01-15,0,0,2,0,3,5,2005,1,15,-9999.0,23.6,-9999.0,-9999.0,0.0,0,2005,1,15,301.27,296.42,78.68,18.08,296.2,308.3,0,12.100000000000023,302.25,2,2.0, 3.044143e-01, 3.156286e-01, 3.612571e-01, 3.126000e-01
237,30,2005-01-22,0,0,4,0,4,8,2005,1,22,34.8,22.3,28.5,12.5,0.0,3.05,2005,1,22,299.33,296.96,87.18,18.67,295.9,305.1,6.9,9.200000000000045,300.5,3,3.0, 3.459333e-01, 3.379714e-01, 3.118000e-01, 2.910000e-01
238,31,2005-01-29,0,0,6,0,1,7,2005,1,29,-9999.0,-9999.0,-9999.0,-9999.0,0.0,1.23,2005,1,29,299.35,297.77,91.07,19.64,297.4,304.2,10.4,6.800000000000011,300.79999999999995,4,4.0, 3.643667e-01, 2.806857e-01, 2.779143e-01, 2.925571e-01
239,32,2005-02-05,0,0,7,0,1,8,2005,2,5,-9999.0,22.4,-9999.0,-9999.0,0.0,0,2005,2,5,296.68,296.06,96.45,17.62,294.7,300.8,7.7,6.100000000000023,297.75,5,5.0, 1.582286e-01, 1.266000e-01, 1.672500e-01, 1.518143e-01
240,33,2005-02-12,0,0,6,0,5,11,2005,2,12,-9999.0,23.0,-9999.0,-9999.0,87.1,12.69,2005,2,12,297.31,297.16,99.25,18.83,295.9,299.1,73.36,3.2000000000000455,297.5,6,6.0, 2.151857e-01, 2.283571e-01, 1.728143e-01, 2.623000e-01
241,34,2005-02-19,0,0,5,0,1,6,2005,2,19,33.1,-9999.0,-9999.0,-9999.0,7.9,4.53,2005,2,19,298.05,297.9,99.3,19.68,296.9,298.7,3.4,1.8000000000000114,297.79999999999995,7,7.0, 1.995000e-01, 1.806857e-01, 2.024571e-01, 2.189000e-01
242,35,2005-02-26,0,0,5,0,2,7,2005,2,26,31.8,-9999.0,-9999.0,-9999.0,0.0,27.31,2005,2,26,297.96,296.39,92.08,17.93,295.2,302.8,0,7.600000000000023,299,8,8.0, 2.011000e-01, 2.109000e-01, 2.081429e-01, 2.812143e-01
243,36,2005-03-05,0,0,6,0,1,7,2005,3,5,,,,,,4.02,2005,3,5,297.59,297.38,98.85,19.03,296.5,298.7,134.1,2.1999999999999886,297.6,9,9.0, 2.937167e-01, 2.771000e-01, 2.696167e-01, 2.308000e-01
244,37,2005-03-12,0,0,13,0,1,14,2005,3,12,33.4,23.5,28.5,9.9,2.0,42.4,2005,3,12,296.3,294.6,91.05,16.15,291.9,302.9,1.4,11,297.4,10,10.0, 1.558429e-01, 1.464286e-01, 1.370833e-01, 2.418714e-01
245,38,2005-03-19,0,0,6,0,1,7,2005,3,19,33.0,24.0,28.5,9.0,0.0,1.97,2005,3,19,297.95,297.42,97.08,19.1,296.1,303.3,3.5,7.199999999999989,299.70000000000005,11,11.0, 2.515167e-01, 2.099571e-01, 1.817667e-01, 1.545286e-01
246,39,2005-03-26,0,0,4,0,5,9,2005,3,26,-9999.0,23.3,-9999.0,-9999.0,0.0,1.14,2005,3,26,296.73,296.5,98.82,18.13,294.3,299.8,11.5,5.5,297.05,12,12.0, 2.150714e-01, 2.354286e-01, 2.127000e-01, 1.209286e-01
247,40,2005-04-02,0,0,9,0,4,13,2005,4,2,-9999.0,-9999.0,-9999.0,-9999.0,0.0,7.18,2005,4,2,298.23,296.12,88.67,17.89,293.9,305.3,12.8,11.400000000000034,299.6,13,13.0, 3.816857e-01, 3.666571e-01, 3.683143e-01, 3.837714e-01
248,41,2005-04-09,0,0,12,0,4,16,2005,4,9,-9999.0,-9999.0,-9999.0,-9999.0,0.0,4.8,2005,4,9,298.32,297.67,96.45,19.38,295.3,302.8,15.1,7.5,299.05,14,14.0, 3.091143e-01, 2.446571e-01, 2.173571e-01, 3.001000e-01
249,42,2005-04-16,0,0,2,0,5,7,2005,4,16,33.7,23.8,28.8,9.9,27.9,15.02,2005,4,16,296.85,296.83,99.62,18.33,296.1,299.8,101.1,3.6999999999999886,297.95000000000005,15,15.0, 1.869333e-01, 1.824286e-01, 1.447571e-01, 1.957429e-01
250,43,2005-04-23,0,0,4,0,5,9,2005,4,23,-9999.0,23.7,-9999.0,-9999.0,0.0,3.21,2005,4,23,298.15,297.77,98,19.61,295,302,13.9,7,298.5,16,16.0, 2.082833e-01, 1.962667e-01, 1.649167e-01, 2.776667e-01
251,44,2005-04-30,0,0,1,0,1,2,2005,4,30,30.5,22.5,26.5,8.0,0.0,0.58,2005,4,30,298.19,297.9,98.5,19.67,296.7,302.1,8.9,5.400000000000034,299.4,17,17.0, 2.141000e-01, 2.017714e-01, 2.315333e-01, 1.616857e-01
252,45,2005-05-07,0,0,6,0,7,13,2005,5,7,34.6,22.6,28.6,12.0,0.0,6.32,2005,5,7,298.64,296.9,90.5,18.56,294.1,304.9,10.6,10.799999999999955,299.5,18,18.0, 1.465333e-01, 1.880571e-01, 1.345833e-01, 1.343143e-01
253,46,2005-05-14,0,0,4,0,4,8,2005,5,14,32.7,-9999.0,-9999.0,-9999.0,1.0,18.53,2005,5,14,297.75,295.68,89.8,17.2,294.3,303.5,0.5,9.199999999999989,298.9,19,19.0, 2.484333e-01, 1.930667e-01, 2.341000e-01, 2.020667e-01
254,47,2005-05-21,0,0,2,0,1,3,2005,5,21,33.6,-9999.0,-9999.0,-9999.0,0.0,13.16,2005,5,21,300.5,295.55,77.75,17.11,295.9,307.1,1,11.200000000000045,301.5,20,20.0, 2.700857e-01, 2.297429e-01, 1.737571e-01, 2.104571e-01
255,48,2005-05-28,0,0,2,0,3,5,2005,5,28,-9999.0,23.0,-9999.0,-9999.0,50.0,18.84,2005,5,28,298.02,296.35,91.1,17.81,295.6,302.7,2.42,7.099999999999966,299.15,21,21.0, 3.118143e-01, 2.474571e-01, 3.585429e-01, 2.806571e-01
256,49,2005-06-04,0,0,3,0,1,4,2005,6,4,30.6,-9999.0,-9999.0,-9999.0,9.9,5.98,2005,6,4,297.33,296.97,98.15,18.63,295.4,301,11,5.600000000000023,298.2,22,22.0, 3.782857e-01, 3.612429e-01, 3.693714e-01, 3.631857e-01
257,50,2005-06-11,0,0,6,0,2,8,2005,6,11,32.3,-9999.0,-9999.0,-9999.0,0.0,15.68,2005,6,11,296.91,295.95,94.72,17.43,293.8,301.8,1.5,8,297.8,23,23.0, 1.395143e-01, 1.185429e-01, 1.401000e-01, 1.423500e-01
258,51,2005-06-18,0,0,1,0,1,2,2005,6,18,32.3,-9999.0,-9999.0,-9999.0,0.0,4.4,2005,6,18,296.45,293.52,85.7,15.05,291.9,303,0,11.100000000000023,297.45,24,24.0, 2.890857e-01, 2.651286e-01, 2.256429e-01, 2.247143e-01
259,52,2005-06-25,0,0,2,0,1,3,2005,6,25,-9999.0,-9999.0,-9999.0,-9999.0,0.0,0,2005,6,25,295.57,292.83,87.12,14.36,292.6,302.4,0.5,9.799999999999955,297.5,25,25.0, 2.915571e-01, 2.604571e-01, 2.460714e-01, 3.518571e-01
260,1,2005-07-02,0,0,2,0,3,5,2005,7,2,33.0,22.7,27.9,10.3,0.5,9.24,2005,7,2,297.73,295.8,89.7,17.29,295.3,305.1,6.1,9.800000000000011,300.20000000000005,26,26.0, 2.747143e-01, 2.271714e-01, 1.780143e-01, 2.843143e-01
261,2,2005-07-09,0,0,4,0,3,7,2005,7,9,-9999.0,17.6,-9999.0,-9999.0,0.0,0,2005,7,9,294.97,289.5,74.85,11.6,288.3,303.7,0,15.399999999999977,296,27,27.0, 2.008000e-01, 2.214000e-01, 2.010667e-01, 1.622667e-01
262,3,2005-07-16,0,0,2,0,1,3,2005,7,16,33.0,-9999.0,-9999.0,-9999.0,0.0,5.64,2005,7,16,299.55,293.85,71.75,15.37,294.8,304.9,2.6,10.099999999999966,299.85,28,28.0, 3.869286e-01, 4.413429e-01, 3.350571e-01, 3.298429e-01
263,4,2005-07-23,0,0,5,0,0,5,2005,7,23,,,,,,0,2005,7,23,297.67,294.58,82.85,16.11,290.1,306.3,0.6,16.19999999999999,298.20000000000005,29,29.0, 1.680286e-01, 1.472571e-01, 1.343286e-01, 1.865571e-01
264,5,2005-07-30,0,0,2,0,4,6,2005,7,30,,,,,,0,2005,7,30,298.47,292.4,70.57,13.98,292.6,307.8,0,15.199999999999989,300.20000000000005,30,30.0, 3.474857e-01, 3.653143e-01, 2.537000e-01, 2.769571e-01
265,6,2005-08-06,0,0,4,0,1,5,2005,8,6,-9999.0,19.8,-9999.0,-9999.0,1.0,0,2005,8,6,299.28,293.5,71.18,15.03,294.6,309.7,0.1,15.099999999999966,302.15,31,31.0, 3.286857e-01, 2.740143e-01, 3.132571e-01, 2.262143e-01
266,7,2005-08-13,0,0,3,0,2,5,2005,8,13,,,,,,0,2005,8,13,300.5,290.45,56.88,12.38,294.4,310.5,0,16.100000000000023,302.45,32,32.0, 2.826429e-01, 2.390000e-01, 2.270286e-01, 2.825571e-01
267,8,2005-08-20,0,0,1,0,3,4,2005,8,20,-9999.0,-9999.0,-9999.0,-9999.0,39.9,17.41,2005,8,20,297.43,294.88,87.7,16.32,294.7,302.6,2.1,7.900000000000034,298.65,33,33.0, 2.669857e-01, 2.924857e-01, 2.939286e-01, 3.360000e-01
268,9,2005-08-27,0,0,0,0,0,0,2005,8,27,-9999.0,-9999.0,-9999.0,-9999.0,3.0,0.73,2005,8,27,297.57,293.67,83.9,15.2,292.4,306.9,0.4,14.5,299.65,34,34.0, 3.288000e-01, 3.005000e-01, 2.715571e-01, 2.723000e-01
269,10,2005-09-03,0,0,0,0,0,0,2005,9,3,-9999.0,-9999.0,-9999.0,-9999.0,24.9,0.99,2005,9,3,299.22,294.33,76.22,15.77,294.2,307.9,2.3,13.699999999999989,301.04999999999995,35,35.0, 4.568333e-01, 3.801167e-01, 3.595833e-01, 3.594500e-01
270,11,2005-09-10,0,0,0,0,0,0,2005,9,10,-9999.0,-9999.0,-9999.0,-9999.0,0.8,1.45,2005,9,10,298.66,298.02,96.6,19.82,296.7,301.6,16,4.900000000000034,299.15,36,36.0, 3.354286e-01, 3.091429e-01, 2.007143e-01, 3.228857e-01
271,12,2005-09-17,0,0,0,0,0,0,2005,9,17,33.0,20.5,26.8,12.5,-9999.0,0.54,2005,9,17,300.67,293.27,66.48,14.8,293.4,309.1,0.3,15.700000000000045,301.25,37,37.0, 2.394286e-01, 2.276000e-01, 2.148714e-01, 2.390429e-01
272,13,2005-09-24,0,0,0,0,0,0,2005,9,24,-9999.0,22.6,-9999.0,-9999.0,-9999.0,6.33,2005,9,24,300.6,293.05,65.03,14.63,294.8,307.8,0,13,301.3,38,38.0, 1.845667e-01, 2.124833e-01, 1.952571e-01, 1.543857e-01
273,14,2005-10-01,0,0,1,0,1,2,2005,10,1,,,,,,0,2005,10,1,300.18,293.73,68.35,15.27,294.8,308.4,0,13.599999999999966,301.6,39,39.0, 4.054167e-01, 4.210857e-01, 4.287714e-01, 3.706000e-01
274,15,2005-10-08,0,0,2,0,2,4,2005,10,8,33.6,22.6,28.1,11.0,5.1,5.68,2005,10,8,299.74,294.08,73.35,15.5,294.1,312,0,17.899999999999977,303.05,40,40.0, 3.321571e-01, 3.210429e-01, 3.463667e-01, 2.586143e-01
275,16,2005-10-15,0,0,2,0,2,4,2005,10,15,-9999.0,23.0,-9999.0,-9999.0,-9999.0,37.75,2005,10,15,299.18,297.55,91.2,19.31,296.3,305.7,3.4,9.399999999999977,301,41,41.0, 3.734286e-01, 3.522714e-01, 2.774833e-01, 3.742286e-01
276,17,2005-10-22,0,0,0,0,3,3,2005,10,22,-9999.0,22.0,-9999.0,-9999.0,0.0,0.5,2005,10,22,298.76,295.4,82.75,16.97,294.7,307.4,2.6,12.699999999999989,301.04999999999995,42,42.0, 3.072571e-01, 2.869571e-01, 2.782143e-01, 3.548286e-01
277,18,2005-10-29,0,0,1,0,2,3,2005,10,29,34.3,-9999.0,-9999.0,-9999.0,0.0,5.62,2005,10,29,299.8,296.53,86.25,18.14,296.5,308.6,3.39,12.100000000000023,302.55,43,43.0, 3.635571e-01, 3.261429e-01, 3.000429e-01, 2.898286e-01
278,19,2005-11-05,0,0,3,0,2,5,2005,11,5,-9999.0,22.8,-9999.0,-9999.0,0.0,3.08,2005,11,5,299.48,295.09,82.2,16.62,294.6,309.4,1.5,14.799999999999955,302,44,44.0, 1.875714e-01, 1.789571e-01, 2.133714e-01, 1.718571e-01
279,20,2005-11-12,0,0,3,0,3,6,2005,11,12,34.4,-9999.0,-9999.0,-9999.0,-9999.0,0,2005,11,12,298.52,297.6,95.12,19.48,296.2,305.7,4.5,9.5,300.95,45,45.0, 3.938000e-01, 4.103714e-01, 2.986286e-01, 4.019857e-01
280,21,2005-11-19,1,0,8,0,5,14,2005,11,19,32.9,-9999.0,-9999.0,-9999.0,0.0,3.3,2005,11,19,298.43,297.27,94.03,19.03,296.1,303.2,3.4,7.099999999999966,299.65,46,46.0, 4.424286e-01, 4.731429e-01, 3.481714e-01, 3.430714e-01
281,22,2005-11-26,0,0,1,0,2,3,2005,11,26,33.7,-9999.0,-9999.0,-9999.0,0.0,19.15,2005,11,26,298.96,296.58,87.63,18.21,295.3,305.7,3.9,10.399999999999977,300.5,47,47.0, 2.825714e-01, 2.400857e-01, 2.206000e-01, 2.882143e-01
282,23,2005-12-03,1,0,4,0,2,7,2005,12,3,34.6,21.5,28.0,13.1,54.1,31.5,2005,12,3,298.97,297.3,91.62,18.99,296.1,305.4,10.3,9.299999999999955,300.75,48,48.0, 3.178143e-01, 4.171286e-01, 3.027000e-01, 3.369429e-01
283,24,2005-12-10,0,0,7,0,4,11,2005,12,10,33.6,-9999.0,-9999.0,-9999.0,3.0,27.74,2005,12,10,298.89,296.8,90.15,18.48,296.4,305.5,4.6,9.100000000000023,300.95,49,49.0, 3.585857e-01, 2.992714e-01, 2.194857e-01, 2.579143e-01
284,25,2005-12-17,0,0,1,0,1,2,2005,12,17,32.2,-9999.0,-9999.0,-9999.0,0.0,6.43,2005,12,17,298.77,297.1,91.57,18.78,296.3,304.4,3.26,8.099999999999966,300.35,50,50.0, 1.984429e-01, 2.470000e-01, 1.941000e-01, 1.930143e-01
285,26,2005-12-24,0,0,2,0,4,6,2005,12,24,-9999.0,22.6,-9999.0,-9999.0,112.0,13.24,2005,12,24,297.24,296.93,98.3,18.57,296.1,299.5,46.7,3.3999999999999773,297.8,51,51.0, 1.805750e-01, 1.383714e-01, 1.413333e-01, 2.552833e-01
286,27,2006-01-01,0,0,5,0,3,8,2006,1,1,-9999.0,21.5,-9999.0,-9999.0,-9999.0,0,2006,1,1,300.04,293.05,68.93,14.69,293.9,307.6,0,13.700000000000045,300.75,52,52.0, 3.546000e-01, 2.563333e-01, 2.199500e-01, 3.225167e-01
287,28,2006-01-08,0,0,14,0,11,25,2006,1,8,32.8,22.6,27.7,10.2,20.1,29.6,2006,1,8,297.91,295.8,89.8,17.38,295.6,302,2.3,6.399999999999977,298.8,1,1.0, 1.995143e-01, 2.155000e-01, 2.393429e-01, 2.276571e-01
288,29,2006-01-15,0,0,15,0,6,21,2006,1,15,31.9,-9999.0,-9999.0,-9999.0,5.1,10.33,2006,1,15,297.71,297.45,98.5,19.18,295.9,301.2,16.3,5.300000000000011,298.54999999999995,2,2.0, 2.284000e-01, 2.303500e-01, 2.020714e-01, 1.947500e-01
289,30,2006-01-22,0,0,6,0,4,10,2006,1,22,33.1,-9999.0,-9999.0,-9999.0,-9999.0,0,2006,1,22,296.02,294.18,90.05,15.73,294.9,298.1,10,3.2000000000000455,296.5,3,3.0, 1.743000e-01, 1.944286e-01, 1.336429e-01, 1.117571e-01
290,31,2006-01-29,0,0,21,0,7,28,2006,1,29,31.8,-9999.0,-9999.0,-9999.0,0.0,0,2006,1,29,298.16,296.61,92.3,18.18,296.1,302.7,9.58,6.599999999999966,299.4,4,4.0, 1.517667e-01, 1.607833e-01, 1.377000e-01, 1.478000e-01
291,32,2006-02-05,1,0,24,0,14,39,2006,2,5,-9999.0,23.6,-9999.0,-9999.0,0.0,2.82,2006,2,5,298.1,296.17,90.72,17.76,295.3,304.1,5.7,8.800000000000011,299.70000000000005,5,5.0, 3.791143e-01, 3.715714e-01, 3.053286e-01, 3.459714e-01
292,33,2006-02-12,0,0,9,0,11,20,2006,2,12,,,,,,0.51,2006,2,12,296.32,295.66,96.3,17.14,295,300.2,3.5,5.199999999999989,297.6,6,6.0, 2.568143e-01, 2.583143e-01, 1.360500e-01, 1.978286e-01
293,34,2006-02-19,0,0,18,0,6,24,2006,2,19,33.8,22.8,28.3,11.0,0.3,9.8,2006,2,19,298.74,297.74,94.7,19.51,297,302.9,52.3,5.899999999999977,299.95,7,7.0, 3.827000e-01, 2.856000e-01, 2.506000e-01, 2.436571e-01
294,35,2006-02-26,0,0,24,0,4,28,2006,2,26,-9999.0,-9999.0,-9999.0,-9999.0,8.9,7.6,2006,2,26,297.15,296.99,99.23,18.63,296,299.5,4.1,3.5,297.75,8,8.0, 2.621143e-01, 1.447857e-01, 1.248000e-01, 2.153571e-01
295,36,2006-03-05,0,0,23,0,3,26,2006,3,5,33.0,-9999.0,-9999.0,-9999.0,20.1,15.2,2006,3,5,296.87,296.68,98.95,18.27,294.7,300.8,5,6.100000000000023,297.75,9,9.0, 1.786667e-01, 1.282833e-01, 1.959333e-01, 1.412667e-01
296,37,2006-03-12,0,0,7,0,1,8,2006,3,12,-9999.0,22.4,-9999.0,-9999.0,-9999.0,3.29,2006,3,12,296.64,296.05,97,17.64,294.5,300.8,14.77,6.300000000000011,297.65,10,10.0, 4.246286e-01, 3.158571e-01, 4.113000e-01, 3.731857e-01
297,38,2006-03-19,0,0,6,0,3,9,2006,3,19,32.3,-9999.0,-9999.0,-9999.0,0.0,2.02,2006,3,19,296.84,295.7,93.9,17.27,293.2,301.2,8,8,297.2,11,11.0, 1.924286e-01, 1.712714e-01, 1.158857e-01, 1.940571e-01
298,39,2006-03-26,0,0,8,0,4,12,2006,3,26,32.7,-9999.0,-9999.0,-9999.0,-9999.0,46.77,2006,3,26,298.61,297.27,93.2,18.94,296.2,304.2,8.3,8,300.2,12,12.0, 2.885667e-01, 2.236429e-01, 1.795400e-01, 2.972714e-01
299,40,2006-04-02,0,0,13,0,5,18,2006,4,2,-9999.0,-9999.0,-9999.0,-9999.0,0.0,0.59,2006,4,2,299.39,295.35,82.32,16.87,294.4,307.9,4,13.5,301.15,13,13.0, 2.450500e-01, 1.816667e-01, 1.888500e-01, 2.235333e-01
300,41,2006-04-09,0,0,6,0,3,9,2006,4,9,-9999.0,21.4,-9999.0,-9999.0,1.0,1.18,2006,4,9,296.9,295.2,91.3,16.73,293.4,301.3,0.66,7.900000000000034,297.35,14,14.0, 2.416714e-01, 2.833143e-01, 2.054000e-01, 1.560143e-01
301,42,2006-04-16,0,0,7,0,2,9,2006,4,16,32.8,22.9,27.8,9.9,9.9,0,2006,4,16,297.03,295.05,90.4,16.5,293.9,302.7,3.4,8.800000000000011,298.29999999999995,15,15.0, 3.011286e-01, 2.626857e-01, 2.650571e-01, 2.553143e-01
302,43,2006-04-23,0,0,5,0,1,6,2006,4,23,31.0,22.6,26.8,8.4,0.0,43.39,2006,4,23,297.5,297.33,99.15,18.97,295.9,299.5,20,3.6000000000000227,297.7,16,16.0, 3.309000e-01, 2.849429e-01, 2.654714e-01, 3.195571e-01
303,44,2006-04-30,0,0,5,0,1,6,2006,4,30,-9999.0,22.7,-9999.0,-9999.0,-9999.0,0,2006,4,30,297.79,295.85,90.25,17.39,293.7,302.9,0.8,9.199999999999989,298.29999999999995,17,17.0, 2.055714e-01, 1.393714e-01, 2.360500e-01, 1.919143e-01
304,45,2006-05-07,0,0,6,0,2,8,2006,5,7,32.3,-9999.0,-9999.0,-9999.0,82.0,29.55,2006,5,7,297.63,296.62,94.6,18.14,296,301.4,7.4,5.399999999999977,298.7,18,18.0, 1.516000e-01, 1.137286e-01, 8.460000e-02, 1.763143e-01
305,46,2006-05-14,0,0,4,0,1,5,2006,5,14,31.7,-9999.0,-9999.0,-9999.0,-9999.0,0,2006,5,14,296.93,288.77,63.75,11.09,291.1,305.1,0,14,298.1,19,19.0, 2.866571e-01, 2.874571e-01, 1.871571e-01, 2.665143e-01
306,47,2006-05-21,0,0,3,0,4,7,2006,5,21,32.0,23.3,27.6,8.7,3.0,6.21,2006,5,21,297.81,295.95,89.95,17.44,295.5,304.3,3.14,8.800000000000011,299.9,20,20.0, 3.392857e-01, 3.745714e-01, 3.482857e-01, 3.158286e-01
307,48,2006-05-28,0,0,5,0,1,6,2006,5,28,31.4,21.6,26.5,9.8,5.1,5.54,2006,5,28,296.4,296.12,98.33,17.56,295.5,299.6,14.1,4.100000000000023,297.55,21,21.0, 2.065143e-01, 1.700714e-01, 1.171429e-01, 1.692714e-01
308,49,2006-06-04,0,0,2,0,3,5,2006,6,4,-9999.0,21.5,-9999.0,-9999.0,29.0,4.71,2006,6,4,297.74,293.57,82.22,15.09,292.3,307.2,0,14.899999999999977,299.75,22,22.0, 9.837143e-02, 9.775000e-02, 1.010667e-01, 1.863143e-01
309,50,2006-06-11,0,0,1,0,2,3,2006,6,11,34.4,21.7,28.1,12.7,-9999.0,12.59,2006,6,11,297.65,294.85,86.03,16.39,292.1,304,2.7,11.899999999999977,298.05,23,23.0, 3.404429e-01, 2.586143e-01, 1.908571e-01, 3.513429e-01
310,51,2006-06-18,0,0,0,0,1,1,2006,6,18,31.5,20.9,26.2,10.6,0.0,16.12,2006,6,18,296.97,295.88,94.5,17.39,295.2,304.5,6.9,9.300000000000011,299.85,24,24.0, 1.732714e-01, 1.680429e-01, 1.850000e-01, 1.369286e-01
311,52,2006-06-25,0,0,0,0,0,0,2006,6,25,33.4,-9999.0,-9999.0,-9999.0,0.0,0,2006,6,25,297.71,291.72,72.25,13.43,289.2,307.2,0,18,298.2,25,25.0, 2.213800e-01, 2.214600e-01, 2.233600e-01, 3.714167e-01
312,1,2006-07-02,0,0,0,0,1,1,2006,7,2,31.4,22.0,26.7,9.4,4.1,1.14,2006,7,2,295.52,294.98,96.75,16.33,294.5,299.5,0.9,5,297,26,26.0, 3.118571e-01, 3.046286e-01, 2.039333e-01, 3.360286e-01
313,2,2006-07-09,0,0,1,0,1,2,2006,7,9,-9999.0,21.8,-9999.0,-9999.0,-9999.0,0,2006,7,9,297.82,294.05,81.88,15.5,295.1,303.7,0.8,8.599999999999966,299.4,27,27.0, 3.201714e-01, 2.326857e-01, 2.081000e-01, 2.921143e-01
314,3,2006-07-16,0,0,2,0,1,3,2006,7,16,-9999.0,19.9,-9999.0,-9999.0,15.0,1.49,2006,7,16,296.71,294.27,88.8,15.69,293,303.2,7.5,10.199999999999989,298.1,28,28.0, 3.499857e-01, 2.949167e-01, 2.920429e-01, 2.884571e-01
315,4,2006-07-23,0,0,1,0,1,2,2006,7,23,31.7,21.9,26.8,9.8,0.5,12.77,2006,7,23,296.92,295.88,94.45,17.37,294.5,303.9,8.8,9.399999999999977,299.2,29,29.0, 3.602857e-01, 3.211286e-01, 3.410000e-01, 3.629571e-01
316,5,2006-07-30,0,0,1,0,1,2,2006,7,30,-9999.0,20.6,-9999.0,-9999.0,-9999.0,3.51,2006,7,30,297.97,295.58,88.7,17.02,294.2,308.3,5.7,14.100000000000023,301.25,30,30.0, 3.186857e-01, 2.859000e-01, 3.523429e-01, 3.766429e-01
317,6,2006-08-06,0,0,1,0,1,2,2006,8,6,-9999.0,21.8,-9999.0,-9999.0,3.0,5.41,2006,8,6,298.31,292.3,70.65,13.95,292.9,306.7,0.8,13.800000000000011,299.79999999999995,31,31.0, 2.016857e-01, 2.015571e-01, 1.625571e-01, 2.003286e-01
318,7,2006-08-13,0,0,1,0,1,2,2006,8,13,-9999.0,20.9,-9999.0,-9999.0,-9999.0,0,2006,8,13,299.98,294.85,73.73,16.33,296.1,307.7,4.2,11.599999999999966,301.9,32,32.0, 4.397857e-01, 3.809857e-01, 3.675857e-01, 3.333143e-01
319,8,2006-08-20,0,0,1,0,1,2,2006,8,20,29.4,22.2,25.8,7.2,0.0,3.61,2006,8,20,297.38,296.98,98,18.61,295.8,301.1,4.9,5.300000000000011,298.45000000000005,33,33.0, 2.908000e-01, 3.337000e-01, 2.386750e-01, 2.856571e-01
320,9,2006-08-27,0,0,3,0,1,4,2006,8,27,31.2,21.6,26.4,9.6,80.0,32.13,2006,8,27,297.64,296.65,94.28,18.24,295.4,299.6,10.54,4.2000000000000455,297.5,34,34.0, 2.736429e-01, 2.427571e-01, 2.089429e-01, 2.408857e-01
321,10,2006-09-03,0,0,0,0,0,0,2006,9,3,34.1,20.8,27.4,13.3,0.0,17.08,2006,9,3,300.68,293.05,67.83,14.65,292.9,310.3,0,17.400000000000034,301.6,35,35.0, 3.097833e-01, 3.948167e-01, 3.501286e-01, 2.846833e-01
322,11,2006-09-10,0,0,5,0,1,6,2006,9,10,-9999.0,21.3,-9999.0,-9999.0,-9999.0,4.04,2006,9,10,296.09,295.05,94.15,16.51,293.8,297.9,8.5,4.099999999999966,295.85,36,36.0, 2.277857e-01, 2.834143e-01, 2.833143e-01, 2.443714e-01
323,12,2006-09-17,0,0,2,0,1,3,2006,9,17,33.7,22.5,28.1,11.2,-9999.0,25.03,2006,9,17,299.46,294.73,79.75,16.27,295.5,308.2,15.9,12.699999999999989,301.85,37,37.0, 2.800400e-01, 2.585500e-01, 2.367167e-01, 2.361833e-01
324,13,2006-09-24,0,0,1,0,1,2,2006,9,24,33.0,-9999.0,-9999.0,-9999.0,1.0,31.76,2006,9,24,301.5,294.83,68.3,16.32,296.4,307.7,3.3,11.300000000000011,302.04999999999995,38,38.0, 3.807286e-01, 3.075714e-01, 3.783667e-01, 3.023000e-01
325,14,2006-10-01,0,0,4,0,2,6,2006,10,1,31.9,-9999.0,-9999.0,-9999.0,0.0,16.23,2006,10,1,299.45,296.65,86.48,18.26,296.8,304,0.2,7.199999999999989,300.4,39,39.0, 4.655000e-01, 4.934429e-01, 2.415429e-01, 4.734000e-01
326,15,2006-10-08,0,0,1,0,1,2,2006,10,8,-9999.0,22.7,-9999.0,-9999.0,0.0,5.99,2006,10,8,299.91,297.54,87.65,19.29,296.7,308.6,1.4,11.900000000000034,302.65,40,40.0, 3.549500e-01, 3.139167e-01, 2.479333e-01, 3.508143e-01
327,16,2006-10-15,0,0,5,0,2,7,2006,10,15,33.5,-9999.0,-9999.0,-9999.0,0.0,25.55,2006,10,15,299.13,297.26,90.8,19.02,297.1,303.3,7.4,6.199999999999989,300.20000000000005,41,41.0, 1.556167e-01, 1.546143e-01, 1.915200e-01, 2.151857e-01
328,17,2006-10-22,0,0,4,0,0,4,2006,10,22,32.7,23.8,28.2,8.9,-9999.0,17.8,2006,10,22,297.7,297.45,98.5,19.09,296.6,299,24.6,2.3999999999999773,297.8,42,42.0, 3.215000e-01, 3.337571e-01, 2.769000e-01, 2.100857e-01
329,18,2006-10-29,0,0,3,0,3,6,2006,10,29,34.6,23.6,29.1,11.0,7.9,18.62,2006,10,29,299.76,298.21,91.4,20.18,296.8,306.7,12.5,9.899999999999977,301.75,43,43.0, 4.882286e-01, 3.788286e-01, 3.681429e-01, 4.377429e-01
330,19,2006-11-05,0,0,4,0,2,6,2006,11,5,32.4,-9999.0,-9999.0,-9999.0,0.0,22.81,2006,11,5,298.95,298.19,96,20.14,296.9,305.2,8.6,8.300000000000011,301.04999999999995,44,44.0, 3.603286e-01, 3.247857e-01, 2.740143e-01, 3.477143e-01
331,20,2006-11-12,0,0,1,0,1,2,2006,11,12,32.2,22.8,27.5,9.4,6.1,6.23,2006,11,12,296.2,295.83,97.98,17.4,293.7,299.9,4.7,6.199999999999989,296.79999999999995,45,45.0, 2.951286e-01, 2.770000e-01, 2.463857e-01, 3.020714e-01
332,21,2006-11-19,0,0,11,0,2,13,2006,11,19,31.0,-9999.0,-9999.0,-9999.0,10.9,14.59,2006,11,19,298.71,297.4,93.27,19.08,296.2,304.8,8.6,8.600000000000023,300.5,46,46.0, 3.191429e-01, 2.470286e-01, 1.862857e-01, 2.737000e-01
333,22,2006-11-26,0,0,8,0,2,10,2006,11,26,31.4,-9999.0,-9999.0,-9999.0,5.1,7.28,2006,11,26,298.8,298.27,97.05,20.2,295.2,303.4,25.08,8.199999999999989,299.29999999999995,47,47.0, 3.405571e-01, 3.283857e-01, 2.662571e-01, 3.427286e-01
334,23,2006-12-03,0,0,4,0,1,5,2006,12,3,32.8,24.0,28.4,8.8,-9999.0,3.36,2006,12,3,298.48,298.21,98.57,20.11,295.2,300.5,22.8,5.300000000000011,297.85,48,48.0, 1.504714e-01, 1.557286e-01, 1.515714e-01, 1.926000e-01
335,24,2006-12-10,0,0,1,0,1,2,2006,12,10,,,,,,0,2006,12,10,298.86,298.3,96.95,20.23,296.9,304.4,9.7,7.5,300.65,49,49.0, 4.470833e-01, 4.276000e-01, 3.015143e-01, 3.405714e-01
336,25,2006-12-17,0,0,0,0,0,0,2006,12,17,-9999.0,23.5,-9999.0,-9999.0,-9999.0,12.5,2006,12,17,298.58,296.37,89.37,17.92,295.3,306.7,6.7,11.399999999999977,301,50,50.0, 3.785000e-01, 4.147857e-01, 3.020333e-01, 3.492286e-01
337,26,2006-12-24,0,0,0,0,1,1,2006,12,24,-9999.0,-9999.0,-9999.0,-9999.0,0.0,0,2006,12,24,297.85,296.1,91.28,17.6,295.5,304.1,1.9,8.600000000000023,299.8,51,51.0, 3.278200e-01, 3.529500e-01, 2.619200e-01, 3.814667e-01
338,27,2007-01-01,0,0,0,0,0,0,2007,1,1,32.0,22.8,27.4,9.2,136.9,37.31,2007,1,1,296.49,295.84,96.53,17.34,294.3,300.6,12.7,6.300000000000011,297.45000000000005,1,1.0, 2.201167e-01, 1.324000e-01, 1.589571e-01, 1.905714e-01
339,28,2007-01-08,0,0,11,0,3,14,2007,1,8,30.1,23.0,26.5,7.1,0.5,0,2007,1,8,297.56,296.85,96.27,18.49,296.2,302.4,4.3,6.199999999999989,299.29999999999995,2,2.0, 1.732857e-01, 2.379571e-01, 2.069333e-01, 1.343000e-01
340,29,2007-01-15,0,0,5,0,1,6,2007,1,15,-9999.0,23.7,-9999.0,-9999.0,-9999.0,4.28,2007,1,15,299.18,296.91,88.05,18.57,295,305.5,5.9,10.5,300.25,3,3.0, 2.719000e-01, 2.523000e-01, 2.938000e-01, 2.094143e-01
341,30,2007-01-22,0,0,9,0,1,10,2007,1,22,31.4,23.3,27.3,8.1,1.0,21.98,2007,1,22,297.66,297.16,97.22,18.82,295.5,301.3,7.6,5.800000000000011,298.4,4,4.0, 1.936714e-01, 3.068571e-01, 1.394714e-01, 2.619000e-01
342,31,2007-01-29,0,0,4,0,1,5,2007,1,29,35.0,22.4,28.7,12.6,-9999.0,0,2007,1,29,299.37,296.33,86.25,17.89,294.3,307.8,0.2,13.5,301.05,5,5.0, 1.744143e-01, 2.003143e-01, 1.805000e-01, 1.590714e-01
343,32,2007-02-05,0,0,11,0,1,12,2007,2,5,-9999.0,22.4,-9999.0,-9999.0,-9999.0,0,2007,2,5,298.02,295.16,87.35,16.69,294,304.6,0.2,10.600000000000023,299.3,6,6.0, 3.175000e-01, 4.429286e-01, 4.014857e-01, 3.285429e-01
344,33,2007-02-12,0,0,8,0,1,9,2007,2,12,33.0,22.0,27.5,11.0,61.0,7.5,2007,2,12,297.67,295.76,89.9,17.24,295.3,303,0.4,7.699999999999989,299.15,7,7.0, 2.858000e-01, 3.195714e-01, 2.957000e-01, 2.570286e-01
345,34,2007-02-19,0,0,4,0,1,5,2007,2,19,-9999.0,21.9,-9999.0,-9999.0,-9999.0,6.51,2007,2,19,301.55,294.4,66.5,15.92,295.7,306.8,3.7,11.100000000000023,301.25,8,8.0, 2.570143e-01, 2.372286e-01, 1.182333e-01, 1.790857e-01
346,35,2007-02-26,0,0,9,0,2,11,2007,2,26,-9999.0,21.6,-9999.0,-9999.0,8.9,0.66,2007,2,26,296.62,295.92,96.2,17.43,294,301.6,5.53,7.600000000000023,297.8,9,9.0, 1.735000e-01, 1.659167e-01, 1.996333e-01, 1.745000e-01
347,36,2007-03-05,0,0,1,0,1,2,2007,3,5,30.6,-9999.0,-9999.0,-9999.0,0.0,7.81,2007,3,5,295.9,295.85,99.9,17.39,294.7,297.6,133.5,2.900000000000034,296.15,10,10.0, 2.160000e-01, 2.275286e-01, 2.136000e-01, 1.889143e-01
348,37,2007-03-12,0,0,6,0,0,6,2007,3,12,-9999.0,22.5,-9999.0,-9999.0,43.9,0.83,2007,3,12,297.57,296.68,95.28,18.28,295.8,303.3,3.2,7.5,299.55,11,11.0, 3.033167e-01, 2.926143e-01, 2.850333e-01, 2.571429e-01
349,38,2007-03-19,0,0,5,0,2,7,2007,3,19,-9999.0,22.0,-9999.0,-9999.0,88.9,82.8,2007,3,19,295.9,295.8,99.3,17.24,294.2,297.1,26.2,2.900000000000034,295.65,12,12.0, 2.132400e-01, 2.218286e-01, 2.231286e-01, 2.643714e-01
350,39,2007-03-26,0,0,5,0,1,6,2007,3,26,-9999.0,23.2,-9999.0,-9999.0,0.0,0,2007,3,26,297.96,297.33,96.7,19.1,295.8,305.3,6.9,9.5,300.55,13,13.0, 2.386714e-01, 2.591857e-01, 2.447429e-01, 2.162286e-01
351,40,2007-04-02,0,0,3,0,2,5,2007,4,2,32.6,-9999.0,-9999.0,-9999.0,51.1,14.03,2007,4,2,297.8,297.56,98.62,19.26,296.2,300,16.1,3.8000000000000114,298.1,14,14.0, 2.381000e-01, 2.738000e-01, 1.912000e-01, 2.749571e-01
352,41,2007-04-09,0,0,4,0,5,9,2007,4,9,-9999.0,23.0,-9999.0,-9999.0,0.5,1.86,2007,4,9,296.54,296.43,99.5,17.95,295.5,298.1,5.6,2.6000000000000227,296.8,15,15.0, 1.525167e-01, 1.575571e-01, 1.494857e-01, 2.294143e-01
353,42,2007-04-16,0,0,4,0,1,5,2007,4,16,-9999.0,22.1,-9999.0,-9999.0,1.0,0,2007,4,16,298.06,297.75,98.43,19.5,295,301.6,24.7,6.600000000000023,298.3,16,16.0, 1.430857e-01, 2.743143e-01, 2.071571e-01, 1.684571e-01
354,43,2007-04-23,0,0,5,0,3,8,2007,4,23,-9999.0,23.3,-9999.0,-9999.0,-9999.0,1.96,2007,4,23,296.63,295.55,94.28,17.04,294.3,301.5,0.8,7.199999999999989,297.9,17,17.0, 2.713714e-01, 3.006000e-01, 1.836571e-01, 2.030000e-01
355,44,2007-04-30,0,0,2,0,1,3,2007,4,30,-9999.0,21.0,-9999.0,-9999.0,5.1,0,2007,4,30,296.7,293.74,86.4,15.21,293.6,304.7,0.8,11.099999999999966,299.15,18,18.0, 1.947143e-01, 1.730857e-01, 1.541000e-01, 2.957143e-01
356,45,2007-05-07,0,0,3,0,1,4,2007,5,7,33.5,23.1,28.3,10.4,0.0,45.54,2007,5,7,297.8,296.27,91.8,18.05,293.5,306.6,5.6,13.100000000000023,300.05,19,19.0, 1.582571e-01, 2.322714e-01, 1.622857e-01, 1.830714e-01
357,46,2007-05-14,0,0,4,0,7,11,2007,5,14,32.5,23.8,28.1,8.7,0.3,2.19,2007,5,14,296.94,294.35,87.68,15.77,293.4,304.4,3.4,11,298.9,20,20.0, 1.701857e-01, 2.290714e-01, 1.714000e-01, 1.620000e-01
358,47,2007-05-21,0,0,4,0,1,5,2007,5,21,-9999.0,21.7,-9999.0,-9999.0,0.0,1.76,2007,5,21,298.26,297.08,93.8,18.69,294.7,302.7,18.1,8,298.7,21,21.0, 3.646143e-01, 3.496857e-01, 2.568286e-01, 3.299000e-01
359,48,2007-05-28,0,0,6,0,2,8,2007,5,28,-9999.0,19.5,-9999.0,-9999.0,-9999.0,4.82,2007,5,28,296.77,294.83,89.83,16.29,292.7,302.6,0.9,9.900000000000034,297.65,22,22.0, 9.005714e-02, 6.474286e-02, 8.222857e-02, 1.110571e-01
360,49,2007-06-04,0,0,3,0,1,4,2007,6,4,31.0,-9999.0,-9999.0,-9999.0,0.5,7.52,2007,6,4,297.44,296.92,97.02,18.45,296.3,299.6,8,3.3000000000000114,297.95000000000005,23,23.0, 2.085000e-01, 2.338571e-01, 2.569500e-01, 2.148833e-01
361,50,2007-06-11,0,0,2,0,1,3,2007,6,11,31.4,22.5,27.0,8.9,3.0,10.97,2007,6,11,296.81,294.57,89.35,16.01,291.8,303.1,3.3,11.300000000000011,297.45000000000005,24,24.0, 3.420714e-01, 3.012286e-01, 2.853000e-01, 3.405571e-01
362,51,2007-06-18,0,0,0,0,1,1,2007,6,18,-9999.0,21.2,-9999.0,-9999.0,0.0,0,2007,6,18,296.43,295.77,96.3,17.21,294.7,299.8,3,5.100000000000023,297.25,25,25.0, 1.667000e-01, 1.659000e-01, 1.207857e-01, 1.729714e-01
363,52,2007-06-25,0,0,2,0,0,2,2007,6,25,31.5,-9999.0,-9999.0,-9999.0,0.0,0,2007,6,25,297.5,294.62,85.05,16.03,292.7,305,0.4,12.300000000000011,298.85,26,26.0, 1.534571e-01, 1.292571e-01, 1.744571e-01, 2.022143e-01
364,1,2007-07-02,0,0,1,0,2,3,2007,7,2,30.9,19.9,25.4,11.0,-9999.0,0,2007,7,2,296.57,290.53,73.52,12.37,290.2,305.6,0,15.400000000000034,297.9,27,27.0, 1.814429e-01, 2.099429e-01, 2.692286e-01, 1.934571e-01
365,2,2007-07-09,0,0,3,0,1,4,2007,7,9,32.3,-9999.0,-9999.0,-9999.0,31.0,9.17,2007,7,9,297.11,295.65,92.52,17.11,295.5,300.9,1.6,5.399999999999977,298.2,28,28.0, 3.217667e-01, 3.513000e-01, 2.734000e-01, 2.545000e-01
366,3,2007-07-16,0,0,0,0,1,1,2007,7,16,-9999.0,-9999.0,-9999.0,-9999.0,2.0,11.4,2007,7,16,294.82,294.7,99.48,16.14,292.7,295.9,14.5,3.1999999999999886,294.29999999999995,29,29.0, 3.075571e-01, 3.648429e-01, 3.397000e-01, 3.642429e-01
367,4,2007-07-23,0,0,5,0,3,8,2007,7,23,-9999.0,20.9,-9999.0,-9999.0,-9999.0,3.16,2007,7,23,299.59,293.75,73.53,15.24,294.8,307.3,0,12.5,301.05,30,30.0, 3.589714e-01, 4.225000e-01, 4.017571e-01, 2.960857e-01
368,5,2007-07-30,0,0,3,0,2,5,2007,7,30,-9999.0,16.9,-9999.0,-9999.0,-9999.0,0,2007,7,30,297.68,290.52,68.3,12.44,290.6,305,0,14.399999999999977,297.8,31,31.0, 4.172286e-01, 4.898714e-01, 3.699286e-01, 3.669714e-01
369,6,2007-08-06,0,0,1,0,2,3,2007,8,6,-9999.0,20.3,-9999.0,-9999.0,0.0,2.02,2007,8,6,299.22,292.53,69.8,14.11,292.1,308.2,0.68,16.099999999999966,300.15,32,32.0, 2.782429e-01, 2.669571e-01, 2.361286e-01, 2.923000e-01
370,7,2007-08-13,0,0,1,0,1,2,2007,8,13,-9999.0,21.3,-9999.0,-9999.0,0.0,0,2007,8,13,297.87,294.4,82.62,15.85,294.3,304.2,1.9,9.899999999999977,299.25,33,33.0, 2.666667e-01, 1.964571e-01, 2.719333e-01, 2.438857e-01
371,8,2007-08-20,0,0,4,0,3,7,2007,8,20,32.0,21.1,26.5,10.9,4.1,0,2007,8,20,300.17,292.25,66.78,14,294.4,307.7,0,13.300000000000011,301.04999999999995,34,34.0, 3.393714e-01, 3.687143e-01, 3.569714e-01, 3.291286e-01
372,9,2007-08-27,0,0,0,0,1,1,2007,8,27,33.7,21.5,27.6,12.2,-9999.0,16.33,2007,8,27,297.16,296.4,95.3,17.88,294.7,301.7,5.2,7,298.2,35,35.0, 2.787857e-01, 3.737429e-01, 2.463571e-01, 2.349857e-01
373,10,2007-09-03,0,0,5,0,1,6,2007,9,3,-9999.0,20.9,-9999.0,-9999.0,0.0,1.25,2007,9,3,296.51,294.92,91.57,16.42,293.5,303.8,4.1,10.300000000000011,298.65,36,36.0, 2.795500e-01, 3.280571e-01, 2.826857e-01, 3.277143e-01
374,11,2007-09-10,0,0,7,0,0,7,2007,9,10,-9999.0,-9999.0,-9999.0,-9999.0,15.0,6.25,2007,9,10,298.04,294.1,82.88,15.59,293.2,307.2,0.4,14,300.2,37,37.0, 2.888167e-01, 3.393000e-01, 2.889571e-01, 2.660714e-01
375,12,2007-09-17,0,0,5,0,0,5,2007,9,17,-9999.0,21.8,-9999.0,-9999.0,-9999.0,0,2007,9,17,299.03,295.1,80.45,16.56,294.2,308.6,0.9,14.400000000000034,301.4,38,38.0, 3.156571e-01, 4.172000e-01, 3.545000e-01, 3.326429e-01
376,13,2007-09-24,0,0,2,0,0,2,2007,9,24,-9999.0,22.2,-9999.0,-9999.0,-9999.0,10.11,2007,9,24,300.91,296.38,77.47,17.96,296.1,310.6,3.2,14.5,303.35,39,39.0, 2.309000e-01, 3.128000e-01, 2.363429e-01, 2.308857e-01
377,14,2007-10-01,0,0,5,0,1,6,2007,10,1,-9999.0,22.2,-9999.0,-9999.0,3.0,1.36,2007,10,1,297.74,296.18,92.27,17.72,295.1,305.9,3.6,10.799999999999955,300.5,40,40.0, 3.199714e-01, 2.934714e-01, 2.544167e-01, 3.151000e-01
378,15,2007-10-08,0,0,6,0,5,11,2007,10,8,-9999.0,22.8,-9999.0,-9999.0,-9999.0,5.3,2007,10,8,297.93,297.35,96.88,19.11,295.4,302.8,16.88,7.400000000000034,299.1,41,41.0, 3.851857e-01, 4.381286e-01, 4.050714e-01, 3.106286e-01
379,16,2007-10-15,0,0,5,0,1,6,2007,10,15,32.0,-9999.0,-9999.0,-9999.0,-9999.0,21.99,2007,10,15,298.07,297.82,98.77,19.66,296.4,299.4,23.2,3,297.9,42,42.0, 2.251286e-01, 2.383857e-01, 1.505143e-01, 1.959857e-01
380,17,2007-10-22,0,0,2,0,1,3,2007,10,22,31.2,22.2,26.7,9.0,0.3,6.41,2007,10,22,297.54,296.21,92.93,17.93,293.4,305.1,14.2,11.700000000000045,299.25,43,43.0, 4.034714e-01, 4.229000e-01, 3.202286e-01, 4.087000e-01
381,18,2007-10-29,0,0,11,0,0,11,2007,10,29,31.8,-9999.0,-9999.0,-9999.0,-9999.0,22.51,2007,10,29,297.58,295.52,90.05,17.04,294.3,305.7,7.3,11.399999999999977,300,44,44.0, 2.657429e-01, 2.469143e-01, 2.856000e-01, 2.923143e-01
382,19,2007-11-05,0,0,10,0,1,11,2007,11,5,-9999.0,-9999.0,-9999.0,-9999.0,0.0,5.13,2007,11,5,299.08,298.38,96.1,20.42,296.7,304.7,7.3,8,300.7,45,45.0, 3.334571e-01, 3.311286e-01, 3.242571e-01, 2.469000e-01
383,20,2007-11-12,0,0,4,0,1,5,2007,11,12,-9999.0,22.9,-9999.0,-9999.0,8.9,24.86,2007,11,12,299.74,298.25,92.18,20.17,296.3,308.6,13.2,12.300000000000011,302.45000000000005,46,46.0, 1.784286e-01, 1.853000e-01, 1.287500e-01, 2.167714e-01
384,21,2007-11-19,0,0,3,0,1,4,2007,11,19,32.4,-9999.0,-9999.0,-9999.0,0.0,0.55,2007,11,19,297.68,297.04,96.47,18.69,295.3,302,8.2,6.699999999999989,298.65,47,47.0, 2.284714e-01, 1.996714e-01, 1.886571e-01, 2.345571e-01
385,22,2007-11-26,0,0,8,0,1,9,2007,11,26,32.3,-9999.0,-9999.0,-9999.0,38.1,14.3,2007,11,26,298,297.72,98.48,19.49,296.3,301.7,16.58,5.399999999999977,299,48,48.0, 1.656400e-01, 1.819143e-01, 1.793000e-01, 1.276000e-01
386,23,2007-12-03,0,0,20,0,3,23,2007,12,3,32.8,-9999.0,-9999.0,-9999.0,-9999.0,1.88,2007,12,3,298.93,297.86,94.03,19.7,296.1,304.8,13.2,8.699999999999989,300.45000000000005,49,49.0, 2.993714e-01, 3.498429e-01, 3.367143e-01, 2.615857e-01
387,24,2007-12-10,0,0,26,0,2,28,2007,12,10,32.6,-9999.0,-9999.0,-9999.0,0.0,0,2007,12,10,298.19,297.6,96.62,19.43,295.6,302.5,20.8,6.899999999999977,299.05,50,50.0, 3.138333e-01, 2.937429e-01, 2.335143e-01, 2.426000e-01
388,25,2007-12-17,0,0,24,0,2,26,2007,12,17,32.4,22.6,27.5,9.8,233.9,71.9,2007,12,17,297.73,297.46,98.6,19.19,296.8,300.6,12.3,3.8000000000000114,298.70000000000005,51,51.0, 2.698000e-01, 2.367143e-01, 2.756857e-01, 2.755143e-01
389,26,2007-12-24,0,0,6,0,1,7,2007,12,24,32.0,-9999.0,-9999.0,-9999.0,0.0,10.5,2007,12,24,297.98,296.03,90.58,17.57,295.1,303.6,3.2,8.5,299.35,52,52.0, 1.992000e-01, 2.308222e-01, 1.947667e-01, 1.711111e-01
390,27,2008-01-01,0,0,22,0,7,29,2008,1,1,-9999.0,22.9,-9999.0,-9999.0,2.0,3.48,2008,1,1,296.26,295.7,96.9,17.24,294.3,298.9,1.7,4.599999999999966,296.6,1,1.0, 1.914714e-01, 1.872429e-01, 1.554143e-01, 1.760143e-01
391,28,2008-01-08,0,0,46,0,12,58,2008,1,8,29.2,22.0,25.6,7.2,110.0,2.8,2008,1,8,296.23,294.74,92.45,16.27,292.4,304.1,3.4,11.700000000000045,298.25,2,2.0, 4.449333e-01, 4.697286e-01, 2.758500e-01, 3.569000e-01
392,29,2008-01-15,0,0,21,0,5,26,2008,1,15,31.3,-9999.0,-9999.0,-9999.0,0.0,42.55,2008,1,15,296.29,296.25,99.8,17.8,295.9,296.7,61.87,0.8000000000000114,296.29999999999995,3,3.0, 1.882286e-01, 1.699714e-01, 2.208286e-01, 2.332429e-01
393,30,2008-01-22,0,0,32,0,6,38,2008,1,22,-9999.0,22.8,-9999.0,-9999.0,0.0,11.22,2008,1,22,298.29,296.65,91.9,18.24,294.8,304.6,5,9.800000000000011,299.70000000000005,4,4.0, 2.779714e-01, 2.956714e-01, 3.249286e-01, 2.219143e-01
394,31,2008-01-29,0,0,31,0,4,35,2008,1,29,33.5,22.9,28.2,10.6,0.0,2.58,2008,1,29,299.6,296.05,85.07,17.68,295.2,307,6.7,11.800000000000011,301.1,5,5.0, 3.519500e-01, 4.029714e-01, 3.705714e-01, 3.138000e-01
395,32,2008-02-05,0,0,34,0,3,37,2008,2,5,-9999.0,22.5,-9999.0,-9999.0,-9999.0,0,2008,2,5,298.45,297,92.6,18.62,296.1,302.7,6,6.599999999999966,299.4,6,6.0, 2.256429e-01, 1.860714e-01, 1.707500e-01, 1.981000e-01
396,33,2008-02-12,0,0,18,0,2,20,2008,2,12,-9999.0,-9999.0,-9999.0,-9999.0,51.1,9.89,2008,2,12,296.14,294.77,93.12,16.28,292.9,302,3.7,9.100000000000023,297.45,7,7.0, 1.739429e-01, 1.734286e-01, 1.989167e-01, 1.684286e-01
397,34,2008-02-19,0,0,25,1,3,29,2008,2,19,-9999.0,23.0,-9999.0,-9999.0,2.0,0.74,2008,2,19,297.13,296.95,99.12,18.59,294.9,299.5,14.2,4.600000000000023,297.2,8,8.0, 2.409500e-01, 1.874429e-01, 2.236000e-01, 1.620429e-01
398,35,2008-02-26,0,0,20,0,5,25,2008,2,26,31.5,21.9,26.7,9.6,19.1,10.58,2008,2,26,296.41,295.06,92.47,16.57,293.3,301.4,2.3,8.099999999999966,297.35,9,9.0, 3.493143e-01, 3.878714e-01, 2.227286e-01, 2.677286e-01
399,36,2008-03-04,0,0,18,1,4,23,2008,3,4,28.1,22.5,25.3,5.6,13.0,11.66,2008,3,4,296.91,293.62,83.48,15.14,293,303.9,0.7,10.899999999999977,298.45,10,10.0, 1.697429e-01, 2.008429e-01, 1.386667e-01, 1.700571e-01
400,37,2008-03-11,0,0,8,0,1,9,2008,3,11,31.4,-9999.0,-9999.0,-9999.0,0.0,1.21,2008,3,11,298.49,294.49,79.28,15.98,293.7,305,5.4,11.300000000000011,299.35,11,11.0, 1.292429e-01, 1.506571e-01, 1.729571e-01, 1.260286e-01
401,38,2008-03-18,0,0,2,0,1,3,2008,3,18,30.3,-9999.0,-9999.0,-9999.0,0.0,1.76,2008,3,18,296.02,294.64,92.5,16.12,293.1,301.2,0.9,8.099999999999966,297.15,12,12.0, 2.383333e-01, 2.000714e-01, 2.327286e-01, 1.239429e-01
402,39,2008-03-25,0,0,4,0,2,6,2008,3,25,-9999.0,22.5,-9999.0,-9999.0,0.0,0,2008,3,25,297.52,295.77,91.45,17.23,294.3,304.3,4.22,10,299.3,13,13.0, 3.366000e-01, 3.773143e-01, 3.042143e-01, 3.229000e-01
403,40,2008-04-01,0,0,5,0,1,6,2008,4,1,-9999.0,23.3,-9999.0,-9999.0,1.0,7.04,2008,4,1,298.48,296.17,87.3,17.85,294.6,304,8.6,9.399999999999977,299.3,14,14.0, 2.700833e-01, 2.151571e-01, 1.902714e-01, 1.906571e-01
404,41,2008-04-08,0,0,2,1,0,3,2008,4,8,,,,,,10.07,2008,4,8,297.23,295.83,92.1,17.33,294.8,300.5,1.5,5.699999999999989,297.65,15,15.0, 2.843571e-01, 3.028286e-01, 3.536714e-01, 3.217857e-01
405,42,2008-04-15,0,0,0,0,1,1,2008,4,15,31.8,22.3,27.0,9.5,0.0,19.42,2008,4,15,297.59,297.38,99.02,19.11,296.4,300,31.57,3.6000000000000227,298.2,16,16.0, 3.026143e-01, 3.287571e-01, 2.446714e-01, 2.963143e-01
406,43,2008-04-22,0,0,2,0,1,3,2008,4,22,-9999.0,22.7,-9999.0,-9999.0,0.0,1.73,2008,4,22,297.87,295.4,87.75,16.85,293.8,305.2,4.85,11.399999999999977,299.5,17,17.0, 2.706000e-01, 2.830714e-01, 3.713143e-01, 3.442286e-01
407,44,2008-04-29,0,0,0,0,1,1,2008,4,29,,,,,,9.94,2008,4,29,296.67,296.23,97.32,17.75,294.2,300.8,5.54,6.600000000000023,297.5,18,18.0, 6.172857e-02, 1.178429e-01, 1.339000e-01, 9.471429e-02
408,45,2008-05-06,0,0,1,0,0,1,2008,5,6,-9999.0,18.0,-9999.0,-9999.0,-9999.0,0,2008,5,6,293.8,291.15,86.18,12.95,288.5,301.1,0,12.600000000000023,294.8,19,19.0, 1.361571e-01, 1.345571e-01, 1.631571e-01, 1.391571e-01
409,46,2008-05-13,0,0,0,0,0,0,2008,5,13,-9999.0,22.7,-9999.0,-9999.0,19.1,0,2008,5,13,295.6,295.55,99.57,16.93,294.8,296.3,12.2,1.5,295.55,20,20.0, 1.963857e-01, 2.255857e-01, 2.963200e-01, 2.641571e-01
410,47,2008-05-20,0,0,0,0,2,2,2008,5,20,-9999.0,22.5,-9999.0,-9999.0,0.0,5.97,2008,5,20,296.44,295.8,96.55,17.28,295.1,300.7,92.4,5.599999999999966,297.9,21,21.0, 2.210167e-01, 1.994714e-01, 2.353167e-01, 1.804429e-01
411,48,2008-05-27,0,0,1,0,0,1,2008,5,27,31.1,22.8,27.0,8.3,4.1,7.69,2008,5,27,296.88,295.17,91,16.65,292.2,304.4,2.9,12.199999999999989,298.29999999999995,22,22.0, 1.224500e-01, 1.033143e-01, 1.571000e-01, 8.600000e-02
412,49,2008-06-03,0,0,0,0,1,1,2008,6,3,-9999.0,19.3,-9999.0,-9999.0,0.8,0,2008,6,3,295.9,294.12,90.12,15.5,292.8,300.6,0.9,7.800000000000011,296.70000000000005,23,23.0, 1.951857e-01, 1.336143e-01, 1.577143e-01, 1.844286e-01
413,50,2008-06-10,0,0,0,0,0,0,2008,6,10,-9999.0,22.4,-9999.0,-9999.0,7.1,5.36,2008,6,10,296.75,295.1,91.3,16.5,294.4,302.2,2.4,7.800000000000011,298.29999999999995,24,24.0, 2.937429e-01, 2.919571e-01, 2.643667e-01, 2.466286e-01
414,51,2008-06-17,0,0,0,0,0,0,2008,6,17,-9999.0,21.2,-9999.0,-9999.0,16.0,10.94,2008,6,17,296.02,295.82,99.05,17.26,295.1,297.3,17,2.1999999999999886,296.20000000000005,25,25.0, 2.240286e-01, 2.452143e-01, 1.754714e-01, 2.656571e-01
415,52,2008-06-24,0,0,0,1,0,1,2008,6,24,-9999.0,-9999.0,-9999.0,-9999.0,0.0,0,2008,6,24,295.36,295.22,99.3,16.66,294.4,296.9,5.9,2.5,295.65,26,26.0, 1.970429e-01, 2.656143e-01, 2.779833e-01, 2.139429e-01
416,1,2008-07-01,0,0,0,0,0,0,2008,7,1,-9999.0,22.7,-9999.0,-9999.0,0.0,0,2008,7,1,295.82,294.35,91.5,15.78,293.5,298.6,0.2,5.100000000000023,296.05,27,27.0, 3.048286e-01, 2.558143e-01, 2.336714e-01, 2.489143e-01
417,2,2008-07-08,0,0,1,0,2,3,2008,7,8,-9999.0,22.5,-9999.0,-9999.0,2.0,1.74,2008,7,8,295.5,294.9,96.72,16.39,293.2,302.7,5.5,9.5,297.95,28,28.0, 1.538500e-01, 1.328857e-01, 1.495857e-01, 3.294429e-01
418,3,2008-07-15,0,0,0,1,2,3,2008,7,15,-9999.0,21.0,-9999.0,-9999.0,-9999.0,13.42,2008,7,15,296.32,295.95,98.02,17.47,294.6,301.3,16.1,6.699999999999989,297.95000000000005,29,29.0, 2.323857e-01, 1.984286e-01, 2.139571e-01, 2.203000e-01
419,4,2008-07-22,0,0,0,0,1,1,2008,7,22,-9999.0,20.7,-9999.0,-9999.0,8.9,6.32,2008,7,22,298.03,295.48,88.53,16.96,294.8,303.7,4.8,8.899999999999977,299.25,30,30.0, 3.270167e-01, 3.095500e-01, 2.091167e-01, 2.837667e-01
420,5,2008-07-29,0,0,2,1,2,5,2008,7,29,-9999.0,22.1,-9999.0,-9999.0,-9999.0,5.54,2008,7,29,296.1,295.42,96.12,16.84,294.4,299.3,99.8,4.900000000000034,296.85,31,31.0, 3.548000e-01, 3.921167e-01, 3.465500e-01, 2.674167e-01
421,6,2008-08-05,0,0,0,0,2,2,2008,8,5,34.8,22.7,28.8,12.1,0.8,1.74,2008,8,5,297.22,294.83,87.9,16.29,293.3,302.4,0.6,9.099999999999966,297.85,32,32.0, 2.002000e-01, 1.997286e-01, 2.513857e-01, 2.113429e-01
422,7,2008-08-12,0,0,1,2,2,5,2008,8,12,34.3,21.0,27.6,13.3,-9999.0,0,2008,8,12,299.4,292.78,72.3,14.39,292.6,309.4,0,16.799999999999955,301,33,33.0, 4.303714e-01, 4.657286e-01, 4.330143e-01, 4.369143e-01
423,8,2008-08-19,0,0,0,4,1,5,2008,8,19,34.0,-9999.0,-9999.0,-9999.0,-9999.0,4.03,2008,8,19,298.94,295.25,83.55,16.76,294.9,307.6,4,12.700000000000045,301.25,34,34.0, 2.833000e-01, 3.805000e-01, 3.044714e-01, 2.744571e-01
424,9,2008-08-26,0,0,1,2,2,5,2008,8,26,33.2,-9999.0,-9999.0,-9999.0,-9999.0,9.97,2008,8,26,297.81,294.42,84.42,15.89,294.4,304.9,0,10.5,299.65,35,35.0, 3.181857e-01, 3.236000e-01, 3.197667e-01, 3.081714e-01
425,10,2008-09-02,0,0,0,7,2,9,2008,9,2,34.2,21.9,28.0,12.3,0.5,10.06,2008,9,2,296.04,295.45,96.65,16.94,294.2,298.3,5.5,4.100000000000023,296.25,36,36.0, 3.398000e-01, 3.092333e-01, 3.691000e-01, 2.888000e-01
426,11,2008-09-09,0,0,3,11,3,17,2008,9,9,-9999.0,20.8,-9999.0,-9999.0,5.1,2.49,2008,9,9,297.39,296.65,95.9,18.23,295,303.3,15.8,8.300000000000011,299.15,37,37.0, 2.319000e-01, 2.327833e-01, 2.762500e-01, 2.612000e-01
427,12,2008-09-16,0,0,1,14,4,19,2008,9,16,31.7,20.9,26.3,10.8,0.0,13.3,2008,9,16,296.17,295.9,98.5,17.4,294.6,299.8,18.3,5.199999999999989,297.20000000000005,38,38.0, 2.168000e-01, 3.362667e-01, 2.773333e-01, 2.089333e-01
428,13,2008-09-23,0,0,4,15,6,25,2008,9,23,-9999.0,19.6,-9999.0,-9999.0,-9999.0,2.67,2008,9,23,297.2,293.23,82.28,14.74,292.4,306.5,0,14.100000000000023,299.45,39,39.0, 4.149500e-01, 4.006857e-01, 3.634286e-01, 3.224000e-01
429,14,2008-09-30,0,0,1,30,14,45,2008,9,30,36.2,-9999.0,-9999.0,-9999.0,-9999.0,13.1,2008,9,30,298.48,297.73,95.75,19.53,295.8,304.1,8.8,8.300000000000011,299.95000000000005,40,40.0, 3.930857e-01, 4.048429e-01, 3.782714e-01, 3.437000e-01
430,15,2008-10-07,0,0,1,23,10,34,2008,10,7,-9999.0,23.0,-9999.0,-9999.0,0.0,3.64,2008,10,7,297.66,297.08,96.7,18.71,295.8,303.8,10.8,8,299.8,41,41.0, 1.605571e-01, 2.061143e-01, 1.638714e-01, 1.949333e-01
431,16,2008-10-14,0,0,0,43,20,63,2008,10,14,-9999.0,21.8,-9999.0,-9999.0,5.1,2.24,2008,10,14,298.22,297.27,95.05,19.01,295.3,305,8.3,9.699999999999989,300.15,42,42.0, 2.882000e-01, 3.579714e-01, 2.278571e-01, 2.807571e-01
432,17,2008-10-21,0,0,2,37,5,44,2008,10,21,34.0,-9999.0,-9999.0,-9999.0,0.0,5,2008,10,21,297.75,297.55,99.12,19.28,296.2,299.4,47.5,3.1999999999999886,297.79999999999995,43,43.0, 3.291571e-01, 2.568429e-01, 2.279000e-01, 2.733429e-01
433,18,2008-10-28,0,0,2,41,7,50,2008,10,28,35.0,-9999.0,-9999.0,-9999.0,-9999.0,19.42,2008,10,28,298.53,298.01,97.25,19.86,296.5,303.4,24.3,6.899999999999977,299.95,44,44.0, 1.617429e-01, 2.196143e-01, 1.962000e-01, 1.982714e-01
434,19,2008-11-04,0,0,0,23,12,35,2008,11,4,31.5,21.1,26.3,10.4,17.0,22.04,2008,11,4,297.33,297.08,98.73,18.72,295.7,299,25.9,3.3000000000000114,297.35,45,45.0, 5.010286e-01, 5.457286e-01, 4.450000e-01, 4.276857e-01
435,20,2008-11-11,0,0,0,14,2,16,2008,11,11,-9999.0,21.9,-9999.0,-9999.0,0.0,17.78,2008,11,11,299.32,297,89.1,18.67,296.6,304.8,1.7,8.199999999999989,300.70000000000005,46,46.0, 3.042857e-01, 4.003857e-01, 2.946429e-01, 3.062714e-01
436,21,2008-11-18,0,0,0,13,3,16,2008,11,18,33.5,-9999.0,-9999.0,-9999.0,-9999.0,17.89,2008,11,18,298.61,298.24,98.07,20.15,296.5,300,15.1,3.5,298.25,47,47.0, 1.930571e-01, 1.830571e-01, 1.965286e-01, 1.762571e-01
437,22,2008-11-25,0,0,0,10,3,13,2008,11,25,-9999.0,23.0,-9999.0,-9999.0,0.0,10.07,2008,11,25,298.08,297.9,99.23,19.73,296.1,299,37.7,2.8999999999999773,297.55,48,48.0, 2.510143e-01, 3.213000e-01, 2.883143e-01, 2.537000e-01
438,23,2008-12-02,0,0,0,4,5,9,2008,12,2,32.3,21.2,26.8,11.1,5.1,15.7,2008,12,2,298.86,296.29,88.53,17.84,296.3,304.9,2.95,8.599999999999966,300.6,49,49.0, 1.643667e-01, 1.549167e-01, 1.963500e-01, 1.731333e-01
439,24,2008-12-09,0,0,0,13,2,15,2008,12,9,33.5,21.4,27.5,12.1,-9999.0,0,2008,12,9,298.25,297,93.2,18.69,295.7,305.2,7.4,9.5,300.45,50,50.0, 2.894167e-01, 2.580857e-01, 3.477800e-01, 2.748286e-01
440,25,2008-12-16,0,0,0,3,1,4,2008,12,16,34.5,22.4,28.5,12.1,-9999.0,0,2008,12,16,300.42,294.08,71.47,15.64,296,307.6,0,11.600000000000023,301.8,51,51.0, 1.783857e-01, 1.923000e-01, 2.191714e-01, 2.497286e-01
441,26,2008-12-23,0,0,0,0,0,0,2008,12,23,35.0,-9999.0,-9999.0,-9999.0,-9999.0,14.1,2008,12,23,299.32,295.95,85.55,17.56,295.7,306.5,6.9,10.800000000000011,301.1,52,52.0, 2.634125e-01, 2.266250e-01, 2.198750e-01, 2.000875e-01
442,27,2009-01-01,0,0,0,1,0,1,2009,1,1,33.5,-9999.0,-9999.0,-9999.0,-9999.0,0.49,2009,1,1,297.54,296.84,96.1,18.57,295.2,303.2,22.4,8,299.2,1,1.0, 1.512857e-01, 1.194429e-01, 1.616857e-01, 1.532714e-01
443,28,2009-01-08,0,0,0,9,1,10,2009,1,8,32.0,-9999.0,-9999.0,-9999.0,0.0,19.84,2009,1,8,296.64,296.47,99.23,18.06,295.8,299.8,41.1,4,297.8,2,2.0, 2.299167e-01, 2.230500e-01, 1.223400e-01, 2.611667e-01
444,29,2009-01-15,0,0,0,10,1,11,2009,1,15,-9999.0,22.2,-9999.0,-9999.0,0.0,1.81,2009,1,15,296,294.95,94.53,16.41,294.5,300.9,0.6,6.399999999999977,297.7,3,3.0, 1.884857e-01, 2.775000e-01, 1.881857e-01, 2.039143e-01
445,30,2009-01-22,0,0,0,23,6,29,2009,1,22,33.9,21.5,27.7,12.4,0.0,11.83,2009,1,22,297.54,295.95,92.1,17.45,295.2,302.2,11.6,7,298.7,4,4.0, 1.884571e-01, 2.139286e-01, 1.993143e-01, 2.027000e-01
446,31,2009-01-29,0,0,0,30,5,35,2009,1,29,33.0,21.5,27.2,11.5,16.0,41.76,2009,1,29,297.93,296.6,93.28,18.19,296.1,302.7,3.5,6.599999999999966,299.4,5,5.0, 1.667333e-01, 1.617167e-01, 1.737333e-01, 1.904333e-01
447,32,2009-02-05,0,0,0,24,6,30,2009,2,5,34.4,-9999.0,-9999.0,-9999.0,-9999.0,32.03,2009,2,5,296.72,295.79,94.97,17.26,295.1,302.1,2.8,7,298.6,6,6.0, 2.799143e-01, 3.076571e-01, 2.402857e-01, 1.957286e-01
448,33,2009-02-12,0,0,0,18,2,20,2009,2,12,34.0,21.8,27.9,12.2,31.0,41.32,2009,2,12,296.72,296.42,98.38,17.97,295.8,298.8,96.6,3,297.3,7,7.0, 1.702714e-01, 1.429714e-01, 1.511143e-01, 1.404714e-01
449,34,2009-02-19,0,0,0,16,5,21,2009,2,19,29.2,21.5,25.4,7.7,17.0,35.5,2009,2,19,296.76,296.55,98.85,18.16,295.6,299.3,21.6,3.6999999999999886,297.45000000000005,8,8.0, 1.887857e-01, 2.029857e-01, 1.594571e-01, 1.568714e-01
450,35,2009-02-26,0,0,0,9,3,12,2009,2,26,35.0,22.4,28.7,12.6,-9999.0,1.89,2009,2,26,297.62,297.29,98.18,18.99,296.4,299.9,22,3.5,298.15,9,9.0, 2.823600e-01, 3.160167e-01, 3.051167e-01, 2.940833e-01
451,36,2009-03-05,0,0,0,3,6,9,2009,3,5,-9999.0,21.0,-9999.0,-9999.0,-9999.0,5.24,2009,3,5,296.63,296.2,97.7,17.88,293.6,303.1,9.7,9.5,298.35,10,10.0, 3.620714e-01, 3.792857e-01, 3.367000e-01, 3.453000e-01
452,37,2009-03-12,0,0,0,8,3,11,2009,3,12,-9999.0,21.0,-9999.0,-9999.0,4.1,1.09,2009,3,12,297.12,296.73,97.85,18.34,296.2,298.8,9,2.6000000000000227,297.5,11,11.0, 2.034286e-01, 2.018714e-01, 1.784429e-01, 2.259714e-01
453,38,2009-03-19,0,0,0,9,0,9,2009,3,19,34.4,-9999.0,-9999.0,-9999.0,-9999.0,36.41,2009,3,19,297.48,297.1,98,18.78,296,299.8,14.3,3.8000000000000114,297.9,12,12.0, 1.578833e-01, 2.013857e-01, 1.921000e-01, 2.137286e-01
454,39,2009-03-26,0,0,0,4,1,5,2009,3,26,-9999.0,-9999.0,-9999.0,-9999.0,0.0,5.34,2009,3,26,297.09,296.75,98.15,18.41,295.7,300.1,7.9,4.400000000000034,297.9,13,13.0, 2.235857e-01, 3.057857e-01, 2.591333e-01, 2.632857e-01
455,40,2009-04-02,0,0,1,6,4,11,2009,4,2,32.3,-9999.0,-9999.0,-9999.0,-9999.0,2.07,2009,4,2,298.07,295.62,88.75,17.15,294.9,304.5,10.62,9.600000000000023,299.7,14,14.0, 8.905714e-02, 9.934286e-02, 5.895000e-02, 8.927143e-02
456,41,2009-04-09,0,0,0,2,1,3,2009,4,9,32.0,21.2,26.6,10.8,58.9,45.49,2009,4,9,296.86,296.4,97.43,17.94,295.4,299.7,3.2,4.300000000000011,297.54999999999995,15,15.0, 1.468429e-01, 1.487714e-01, 1.416571e-01, 1.411857e-01
457,42,2009-04-16,0,0,1,4,0,5,2009,4,16,29.8,22.3,26.0,7.5,14.0,6.17,2009,4,16,296.57,296.33,98.55,17.83,295.6,298.6,6.2,3,297.1,16,16.0, 2.236000e-01, 2.161429e-01, 1.788286e-01, 1.750000e-01
458,43,2009-04-23,0,0,0,3,2,5,2009,4,23,32.7,-9999.0,-9999.0,-9999.0,-9999.0,1.54,2009,4,23,297.84,296.8,94.7,18.41,295.2,303.6,2.4,8.400000000000034,299.4,17,17.0, 1.953429e-01, 2.023857e-01, 2.856714e-01, 1.611857e-01
459,44,2009-04-30,0,0,0,2,2,4,2009,4,30,-9999.0,22.5,-9999.0,-9999.0,6.1,1.64,2009,4,30,297.46,297.3,99.3,18.97,296.4,300.4,15.7,4,298.4,18,18.0, 2.835857e-01, 3.161286e-01, 3.455143e-01, 2.374429e-01
460,45,2009-05-07,0,0,0,4,0,4,2009,5,7,33.6,22.0,27.8,11.6,5.1,10.33,2009,5,7,297.59,297.33,98.53,18.99,295,300.7,27.1,5.699999999999989,297.85,19,19.0, 1.907571e-01, 2.192000e-01, 2.645571e-01, 2.538857e-01
461,46,2009-05-14,0,0,0,0,1,1,2009,5,14,34.3,-9999.0,-9999.0,-9999.0,0.0,2.6,2009,5,14,298.63,295.27,86.2,16.8,294.5,307.1,0.4,12.600000000000023,300.8,20,20.0, 2.077429e-01, 2.160429e-01, 2.278571e-01, 2.542000e-01
462,47,2009-05-21,0,0,0,0,0,0,2009,5,21,31.6,22.0,26.8,9.6,2.0,0,2009,5,21,296.81,296.38,97.55,17.89,295.3,299.8,4,4.5,297.55,21,21.0, 3.312143e-01, 3.445143e-01, 2.172000e-01, 2.093857e-01
463,48,2009-05-28,0,0,0,1,1,2,2009,5,28,,,,,,2.13,2009,5,28,295.33,295.1,98.88,16.62,293.1,298.7,3.8,5.599999999999966,295.9,22,22.0, 2.383429e-01, 1.901429e-01, 1.973167e-01, 1.655000e-01
464,49,2009-06-04,0,0,0,1,2,3,2009,6,4,26.0,20.0,23.0,6.0,0.0,0,2009,6,4,294.19,291.12,84.73,12.9,291.5,300,0.1,8.5,295.75,23,23.0, 1.140000e-01, 1.262857e-01, 9.244286e-02, 9.747143e-02
465,50,2009-06-11,0,0,0,2,1,3,2009,6,11,33.2,22.5,27.9,10.7,0.0,9.93,2009,6,11,295.63,295,96.7,16.5,293.2,299.3,4.4,6.100000000000023,296.25,24,24.0, 1.871286e-01, 1.994714e-01, 1.578000e-01, 1.434571e-01
466,51,2009-06-18,0,0,0,3,2,5,2009,6,18,33.0,22.3,27.6,10.7,11.9,6.73,2009,6,18,297.8,295.9,90.95,17.41,295.1,304.2,6.4,9.099999999999966,299.65,25,25.0, 2.916714e-01, 3.891143e-01, 3.070286e-01, 3.562286e-01
467,52,2009-06-25,0,0,0,1,1,2,2009,6,25,33.2,-9999.0,-9999.0,-9999.0,-9999.0,41.69,2009,6,25,295.98,295.42,97.12,17.04,292.3,303.2,9.9,10.899999999999977,297.75,26,26.0, 2.708000e-01, 2.001571e-01, 2.051833e-01, 2.401286e-01
