,season,season_week,week_start_date,denv1_cases,denv2_cases,denv3_cases,denv4_cases,other_positive_cases,additional_cases,total_cases
0,1990/1991,1,1990-04-30,0,0,0,0,4,0,4
1,1990/1991,2,1990-05-07,0,0,0,0,5,0,5
2,1990/1991,3,1990-05-14,0,0,0,0,4,0,4
3,1990/1991,4,1990-05-21,0,0,0,0,3,0,3
4,1990/1991,5,1990-05-28,0,0,0,0,6,0,6
5,1990/1991,6,1990-06-04,1,0,0,0,1,0,2
6,1990/1991,7,1990-06-11,0,0,0,0,4,0,4
7,1990/1991,8,1990-06-18,0,0,0,0,5,0,5
8,1990/1991,9,1990-06-25,2,0,0,0,8,0,10
9,1990/1991,10,1990-07-02,0,0,0,1,5,0,6
10,1990/1991,11,1990-07-09,0,0,0,0,8,0,8
11,1990/1991,12,1990-07-16,0,0,0,0,2,0,2
12,1990/1991,13,1990-07-23,0,2,0,0,4,0,6
13,1990/1991,14,1990-07-30,0,1,0,1,15,0,17
14,1990/1991,15,1990-08-06,1,1,0,0,21,0,23
15,1990/1991,16,1990-08-13,0,1,0,1,11,0,13
16,1990/1991,17,1990-08-20,0,0,0,1,20,0,21
17,1990/1991,18,1990-08-27,0,3,0,0,25,0,28
18,1990/1991,19,1990-09-03,1,2,0,3,18,0,24
19,1990/1991,20,1990-09-10,0,1,0,0,19,0,20
20,1990/1991,21,1990-09-17,0,4,0,0,36,0,40
21,1990/1991,22,1990-09-24,0,1,0,1,25,0,27
22,1990/1991,23,1990-10-01,0,3,0,4,35,0,42
23,1990/1991,24,1990-10-08,0,2,0,0,31,0,33
24,1990/1991,25,1990-10-15,0,3,0,0,40,0,43
25,1990/1991,26,1990-10-22,1,2,0,1,33,0,37
26,1990/1991,27,1990-10-29,0,4,0,1,52,0,57
27,1990/1991,28,1990-11-05,0,1,0,3,67,0,71
28,1990/1991,29,1990-11-12,0,0,0,1,43,0,44
29,1990/1991,30,1990-11-19,0,0,0,0,56,0,56
30,1990/1991,31,1990-11-26,0,0,0,3,49,1,53
31,1990/1991,32,1990-12-03,2,2,0,1,47,0,52
32,1990/1991,33,1990-12-10,1,3,0,5,38,0,47
33,1990/1991,34,1990-12-17,0,3,0,1,22,0,26
34,1990/1991,35,1990-12-24,0,2,0,0,25,0,27
35,1990/1991,36,1991-01-01,0,2,0,1,18,0,21
36,1990/1991,37,1991-01-08,0,1,0,3,17,0,21
37,1990/1991,38,1991-01-15,0,0,0,1,25,0,26
38,1990/1991,39,1991-01-22,0,0,0,0,34,0,34
39,1990/1991,40,1991-01-29,0,3,0,0,34,0,37
40,1990/1991,41,1991-02-05,0,0,0,2,15,0,17
41,1990/1991,42,1991-02-12,1,1,0,0,17,0,19
42,1990/1991,43,1991-02-19,1,3,0,0,21,0,25
43,1990/1991,44,1991-02-26,0,0,0,1,17,0,18
44,1990/1991,45,1991-03-05,1,1,0,1,18,0,21
45,1990/1991,46,1991-03-12,0,0,0,0,17,0,17
46,1990/1991,47,1991-03-19,0,0,0,0,17,0,17
47,1990/1991,48,1991-03-26,1,2,0,1,12,0,16
48,1990/1991,49,1991-04-02,0,2,0,1,13,0,16
49,1990/1991,50,1991-04-09,0,0,0,1,14,0,15
50,1990/1991,51,1991-04-16,1,0,0,0,22,0,23
51,1990/1991,52,1991-04-23,0,2,0,0,14,0,16
52,1991/1992,1,1991-04-30,0,1,0,0,16,0,17
53,1991/1992,2,1991-05-07,0,0,0,0,12,0,12
54,1991/1992,3,1991-05-14,1,2,0,0,14,0,17
55,1991/1992,4,1991-05-21,0,2,0,0,8,0,10
56,1991/1992,5,1991-05-28,0,1,0,0,14,0,15
57,1991/1992,6,1991-06-04,2,1,0,1,15,0,19
58,1991/1992,7,1991-06-11,0,2,0,4,15,0,21
59,1991/1992,8,1991-06-18,0,2,0,2,10,0,14
60,1991/1992,9,1991-06-25,4,0,0,1,13,0,18
61,1991/1992,10,1991-07-02,0,0,0,4,9,0,13
62,1991/1992,11,1991-07-09,0,0,0,1,13,0,14
63,1991/1992,12,1991-07-16,0,0,0,0,17,1,18
64,1991/1992,13,1991-07-23,0,0,0,0,23,0,23
65,1991/1992,14,1991-07-30,0,1,0,1,23,0,25
66,1991/1992,15,1991-08-06,8,3,0,1,50,0,62
67,1991/1992,16,1991-08-13,3,4,0,0,53,0,60
68,1991/1992,17,1991-08-20,6,9,0,1,60,0,76
69,1991/1992,18,1991-08-27,7,0,0,4,55,0,66
70,1991/1992,19,1991-09-03,5,4,0,0,55,0,64
71,1991/1992,20,1991-09-10,1,2,0,2,63,0,68
72,1991/1992,21,1991-09-17,1,2,0,0,86,0,89
73,1991/1992,22,1991-09-24,7,6,0,1,78,0,92
74,1991/1992,23,1991-10-01,1,8,0,2,129,0,140
75,1991/1992,24,1991-10-08,0,4,0,0,110,2,116
76,1991/1992,25,1991-10-15,7,4,0,4,127,0,142
77,1991/1992,26,1991-10-22,14,3,0,2,108,2,129
78,1991/1992,27,1991-10-29,6,3,0,4,126,1,140
79,1991/1992,28,1991-11-05,10,1,0,3,126,0,140
80,1991/1992,29,1991-11-12,5,6,0,5,111,0,127
81,1991/1992,30,1991-11-19,8,5,0,4,111,1,129
82,1991/1992,31,1991-11-26,11,3,0,6,148,1,169
83,1991/1992,32,1991-12-03,3,3,0,3,131,1,141
84,1991/1992,33,1991-12-10,4,5,0,4,95,0,108
85,1991/1992,34,1991-12-17,1,2,0,2,69,4,78
86,1991/1992,35,1991-12-24,0,1,0,3,64,2,70
87,1991/1992,36,1992-01-01,0,1,0,1,63,16,81
88,1991/1992,37,1992-01-08,2,2,0,5,89,6,104
89,1991/1992,38,1992-01-15,4,2,0,1,79,4,90
90,1991/1992,39,1992-01-22,1,1,0,0,83,0,85
91,1991/1992,40,1992-01-29,0,0,0,2,51,2,55
92,1991/1992,41,1992-02-05,0,0,0,3,43,7,53
93,1991/1992,42,1992-02-12,2,2,0,1,54,6,65
94,1991/1992,43,1992-02-19,1,0,0,1,31,0,33
95,1991/1992,44,1992-02-26,3,2,0,1,32,0,38
96,1991/1992,45,1992-03-04,5,1,0,1,52,0,59
97,1991/1992,46,1992-03-11,3,1,0,3,33,0,40
98,1991/1992,47,1992-03-18,1,0,0,0,36,0,37
99,1991/1992,48,1992-03-25,2,0,0,1,26,0,29
100,1991/1992,49,1992-04-01,2,0,0,0,28,0,30
101,1991/1992,50,1992-04-08,1,2,0,0,27,0,30
102,1991/1992,51,1992-04-15,1,0,0,0,27,0,28
103,1991/1992,52,1992-04-22,2,0,0,0,21,0,23
104,1992/1993,1,1992-04-29,0,0,0,1,23,0,24
105,1992/1993,2,1992-05-06,2,2,0,0,25,0,29
106,1992/1993,3,1992-05-13,3,1,0,0,22,0,26
107,1992/1993,4,1992-05-20,1,0,0,1,21,0,23
108,1992/1993,5,1992-05-27,4,0,0,0,16,0,20
109,1992/1993,6,1992-06-03,0,0,0,0,19,0,19
110,1992/1993,7,1992-06-10,1,0,0,0,19,0,20
111,1992/1993,8,1992-06-17,3,0,0,2,21,0,26
112,1992/1993,9,1992-06-24,0,0,0,2,27,0,29
113,1992/1993,10,1992-07-01,2,0,0,1,28,0,31
114,1992/1993,11,1992-07-08,0,0,0,0,28,0,28
115,1992/1993,12,1992-07-15,0,0,0,0,26,0,26
116,1992/1993,13,1992-07-22,3,1,0,1,27,0,32
117,1992/1993,14,1992-07-29,2,3,0,3,25,2,35
118,1992/1993,15,1992-08-05,4,2,0,1,22,4,33
119,1992/1993,16,1992-08-12,2,0,0,1,21,6,30
120,1992/1993,17,1992-08-19,9,4,0,2,24,13,52
121,1992/1993,18,1992-08-26,7,5,0,0,34,13,59
122,1992/1993,19,1992-09-02,11,2,0,1,33,20,67
123,1992/1993,20,1992-09-09,8,2,0,4,37,14,65
124,1992/1993,21,1992-09-16,4,1,0,1,45,23,74
125,1992/1993,22,1992-09-23,6,4,0,0,40,20,70
126,1992/1993,23,1992-09-30,9,4,0,1,29,18,61
127,1992/1993,24,1992-10-07,4,2,0,1,31,15,53
128,1992/1993,25,1992-10-14,2,1,0,0,44,29,76
129,1992/1993,26,1992-10-21,0,1,0,0,27,33,61
130,1992/1993,27,1992-10-28,3,0,0,1,31,22,57
131,1992/1993,28,1992-11-04,7,2,0,0,22,13,44
132,1992/1993,29,1992-11-11,0,1,0,1,19,13,34
133,1992/1993,30,1992-11-18,0,1,0,0,23,23,47
134,1992/1993,31,1992-11-25,0,0,0,0,35,25,60
135,1992/1993,32,1992-12-02,0,0,0,1,35,24,60
136,1992/1993,33,1992-12-09,1,0,0,0,28,24,53
137,1992/1993,34,1992-12-16,0,1,0,1,22,12,36
138,1992/1993,35,1992-12-23,1,1,0,0,23,6,31
139,1992/1993,36,1993-01-01,3,0,0,0,23,4,30
140,1992/1993,37,1993-01-08,0,0,0,1,26,5,32
141,1992/1993,38,1993-01-15,0,1,0,0,27,0,28
142,1992/1993,39,1993-01-22,0,2,0,0,28,3,33
143,1992/1993,40,1993-01-29,4,3,0,0,24,2,33
144,1992/1993,41,1993-02-05,2,0,0,0,33,0,35
145,1992/1993,42,1993-02-12,0,0,0,1,21,0,22
146,1992/1993,43,1993-02-19,1,0,0,0,12,0,13
147,1992/1993,44,1993-02-26,2,0,0,0,11,0,13
148,1992/1993,45,1993-03-05,0,1,0,0,20,0,21
149,1992/1993,46,1993-03-12,2,1,0,0,14,0,17
150,1992/1993,47,1993-03-19,0,1,0,0,10,0,11
151,1992/1993,48,1993-03-26,2,0,0,0,6,0,8
152,1992/1993,49,1993-04-02,0,0,0,0,8,0,8
153,1992/1993,50,1993-04-09,0,0,0,1,5,0,6
154,1992/1993,51,1993-04-16,0,1,0,0,5,0,6
155,1992/1993,52,1993-04-23,1,0,0,0,6,0,7
156,1993/1994,1,1993-04-30,1,1,0,0,10,0,12
157,1993/1994,2,1993-05-07,1,1,0,0,15,0,17
158,1993/1994,3,1993-05-14,0,0,0,0,10,0,10
159,1993/1994,4,1993-05-21,0,0,0,1,9,0,10
160,1993/1994,5,1993-05-28,0,0,0,0,18,0,18
161,1993/1994,6,1993-06-04,0,0,0,0,18,1,19
162,1993/1994,7,1993-06-11,0,0,0,0,12,0,12
163,1993/1994,8,1993-06-18,0,2,0,0,18,2,22
164,1993/1994,9,1993-06-25,4,1,0,0,7,0,12
165,1993/1994,10,1993-07-02,0,1,0,0,20,0,21
166,1993/1994,11,1993-07-09,1,1,0,0,16,0,18
167,1993/1994,12,1993-07-16,0,3,0,1,12,0,16
168,1993/1994,13,1993-07-23,1,0,0,0,15,0,16
169,1993/1994,14,1993-07-30,2,1,0,1,18,0,22
170,1993/1994,15,1993-08-06,0,1,0,0,16,0,17
171,1993/1994,16,1993-08-13,1,1,0,1,22,0,25
172,1993/1994,17,1993-08-20,0,2,0,2,18,1,23
173,1993/1994,18,1993-08-27,1,1,0,1,9,0,12
174,1993/1994,19,1993-09-03,2,2,0,1,19,1,25
175,1993/1994,20,1993-09-10,0,1,0,0,27,0,28
176,1993/1994,21,1993-09-17,3,2,0,2,20,0,27
177,1993/1994,22,1993-09-24,1,1,0,0,16,0,18
178,1993/1994,23,1993-10-01,1,1,0,0,21,0,23
179,1993/1994,24,1993-10-08,1,3,0,0,18,1,23
180,1993/1994,25,1993-10-15,1,2,0,0,26,0,29
181,1993/1994,26,1993-10-22,4,6,0,0,27,1,38
182,1993/1994,27,1993-10-29,2,3,0,2,28,1,36
183,1993/1994,28,1993-11-05,6,7,0,3,27,0,43
184,1993/1994,29,1993-11-12,5,5,0,0,34,2,46
185,1993/1994,30,1993-11-19,6,5,0,0,18,2,31
186,1993/1994,31,1993-11-26,2,5,0,0,18,0,25
187,1993/1994,32,1993-12-03,7,4,0,2,22,5,40
188,1993/1994,33,1993-12-10,2,3,0,1,20,5,31
189,1993/1994,34,1993-12-17,1,2,0,0,32,3,38
190,1993/1994,35,1993-12-24,5,7,0,1,17,0,30
191,1993/1994,36,1994-01-01,2,3,0,0,17,0,22
192,1993/1994,37,1994-01-08,2,5,0,0,24,0,31
193,1993/1994,38,1994-01-15,3,4,0,0,19,0,26
194,1993/1994,39,1994-01-22,4,5,0,1,23,2,35
195,1993/1994,40,1994-01-29,3,9,0,1,21,2,36
196,1993/1994,41,1994-02-05,4,7,0,2,24,2,39
197,1993/1994,42,1994-02-12,6,5,0,1,13,0,25
198,1993/1994,43,1994-02-19,1,2,0,1,27,0,31
199,1993/1994,44,1994-02-26,3,5,0,2,27,0,37
200,1993/1994,45,1994-03-05,6,3,0,1,23,0,33
201,1993/1994,46,1994-03-12,4,3,0,1,17,0,25
202,1993/1994,47,1994-03-19,4,4,0,2,14,0,24
203,1993/1994,48,1994-03-26,0,1,0,0,17,0,18
204,1993/1994,49,1994-04-02,0,4,0,0,19,0,23
205,1993/1994,50,1994-04-09,0,2,0,0,11,0,13
206,1993/1994,51,1994-04-16,2,1,0,0,15,0,18
207,1993/1994,52,1994-04-23,1,3,0,0,10,0,14
208,1994/1995,1,1994-04-30,2,1,0,1,13,0,17
209,1994/1995,2,1994-05-07,2,4,0,0,16,0,22
210,1994/1995,3,1994-05-14,2,0,0,0,11,0,13
211,1994/1995,4,1994-05-21,2,3,0,2,17,0,24
212,1994/1995,5,1994-05-28,2,7,0,0,22,0,31
213,1994/1995,6,1994-06-04,3,5,0,2,23,1,34
214,1994/1995,7,1994-06-11,3,4,0,2,22,0,31
215,1994/1995,8,1994-06-18,4,2,0,3,21,1,31
216,1994/1995,9,1994-06-25,1,7,0,5,23,2,38
217,1994/1995,10,1994-07-02,2,4,0,2,40,1,49
218,1994/1995,11,1994-07-09,1,6,0,0,28,7,42
219,1994/1995,12,1994-07-16,0,7,0,2,33,7,49
220,1994/1995,13,1994-07-23,1,8,0,6,34,6,55
221,1994/1995,14,1994-07-30,4,18,0,1,46,11,80
222,1994/1995,15,1994-08-06,0,14,0,8,51,11,84
223,1994/1995,16,1994-08-13,3,10,0,3,49,7,72
224,1994/1995,17,1994-08-20,4,12,0,0,65,8,89
225,1994/1995,18,1994-08-27,2,12,0,3,64,34,115
226,1994/1995,19,1994-09-03,6,10,0,4,91,68,179
227,1994/1995,20,1994-09-10,1,14,0,3,59,125,202
228,1994/1995,21,1994-09-17,2,6,0,3,96,165,272
229,1994/1995,22,1994-09-24,9,14,0,6,90,183,302
230,1994/1995,23,1994-10-01,0,12,0,2,120,261,395
231,1994/1995,24,1994-10-08,2,24,0,7,137,256,426
232,1994/1995,25,1994-10-15,3,16,0,4,148,290,461
233,1994/1995,26,1994-10-22,6,13,0,1,111,250,381
234,1994/1995,27,1994-10-29,2,10,0,3,82,236,333
235,1994/1995,28,1994-11-05,2,12,0,1,73,265,353
236,1994/1995,29,1994-11-12,3,5,0,1,64,337,410
237,1994/1995,30,1994-11-19,2,1,0,1,114,246,364
238,1994/1995,31,1994-11-26,3,4,0,1,112,239,359
239,1994/1995,32,1994-12-03,2,8,0,6,78,194,288
240,1994/1995,33,1994-12-10,1,6,0,2,81,131,221
241,1994/1995,34,1994-12-17,4,9,0,0,48,88,149
242,1994/1995,35,1994-12-24,3,7,0,3,41,58,112
243,1994/1995,36,1995-01-01,3,6,0,1,65,79,154
244,1994/1995,37,1995-01-08,0,9,0,0,40,42,91
245,1994/1995,38,1995-01-15,1,3,0,2,51,15,72
246,1994/1995,39,1995-01-22,3,5,0,2,41,5,56
247,1994/1995,40,1995-01-29,5,2,0,3,26,10,46
248,1994/1995,41,1995-02-05,0,0,0,0,31,6,37
249,1994/1995,42,1995-02-12,0,0,0,1,20,5,26
250,1994/1995,43,1995-02-19,0,1,0,0,16,0,17
251,1994/1995,44,1995-02-26,0,0,0,1,15,1,17
252,1994/1995,45,1995-03-05,0,1,0,0,16,3,20
253,1994/1995,46,1995-03-12,1,0,0,0,10,0,11
254,1994/1995,47,1995-03-19,1,0,0,0,6,0,7
255,1994/1995,48,1995-03-26,2,0,0,1,13,0,16
256,1994/1995,49,1995-04-02,2,0,0,1,10,1,14
257,1994/1995,50,1995-04-09,1,3,0,1,11,0,16
258,1994/1995,51,1995-04-16,1,0,0,0,4,0,5
259,1994/1995,52,1995-04-23,0,0,0,0,2,0,2
260,1995/1996,1,1995-04-30,0,0,0,0,6,0,6
261,1995/1996,2,1995-05-07,0,1,0,0,4,0,5
262,1995/1996,3,1995-05-14,0,0,0,1,3,0,4
263,1995/1996,4,1995-05-21,0,0,0,0,3,0,3
264,1995/1996,5,1995-05-28,0,0,0,0,4,0,4
265,1995/1996,6,1995-06-04,2,1,0,1,12,0,16
266,1995/1996,7,1995-06-11,1,0,0,1,6,0,8
267,1995/1996,8,1995-06-18,0,0,0,0,6,1,7
268,1995/1996,9,1995-06-25,1,0,0,1,7,1,10
269,1995/1996,10,1995-07-02,1,0,0,0,11,2,14
270,1995/1996,11,1995-07-09,0,0,0,1,6,0,7
271,1995/1996,12,1995-07-16,1,1,0,1,5,1,9
272,1995/1996,13,1995-07-23,0,0,0,0,10,1,11
273,1995/1996,14,1995-07-30,1,4,0,0,15,3,23
274,1995/1996,15,1995-08-06,0,2,0,1,11,3,17
275,1995/1996,16,1995-08-13,0,0,0,1,17,1,19
276,1995/1996,17,1995-08-20,0,1,0,1,18,4,24
277,1995/1996,18,1995-08-27,0,1,0,0,13,3,17
278,1995/1996,19,1995-09-03,4,1,0,0,21,2,28
279,1995/1996,20,1995-09-10,1,2,0,5,30,2,40
280,1995/1996,21,1995-09-17,4,1,0,0,26,2,33
281,1995/1996,22,1995-09-24,2,3,0,1,21,4,31
282,1995/1996,23,1995-10-01,2,1,0,2,25,3,33
283,1995/1996,24,1995-10-08,2,1,0,0,26,0,29
284,1995/1996,25,1995-10-15,2,3,0,3,19,3,30
285,1995/1996,26,1995-10-22,1,1,0,1,27,6,36
286,1995/1996,27,1995-10-29,3,3,0,2,34,6,48
287,1995/1996,28,1995-11-05,0,0,0,2,28,10,40
288,1995/1996,29,1995-11-12,0,1,0,1,14,12,28
289,1995/1996,30,1995-11-19,0,1,0,1,28,6,36
290,1995/1996,31,1995-11-26,0,0,0,1,16,2,19
291,1995/1996,32,1995-12-03,0,0,0,0,18,16,34
292,1995/1996,33,1995-12-10,0,0,0,1,12,10,23
293,1995/1996,34,1995-12-17,0,0,0,1,13,3,17
294,1995/1996,35,1995-12-24,0,0,0,0,15,2,17
295,1995/1996,36,1996-01-01,0,1,0,1,20,1,23
296,1995/1996,37,1996-01-08,1,0,0,1,12,0,14
297,1995/1996,38,1996-01-15,2,0,0,0,18,0,20
298,1995/1996,39,1996-01-22,1,0,0,0,12,0,13
299,1995/1996,40,1996-01-29,0,1,0,0,20,2,23
300,1995/1996,41,1996-02-05,1,0,0,3,14,2,20
301,1995/1996,42,1996-02-12,0,0,0,0,16,0,16
302,1995/1996,43,1996-02-19,0,1,0,0,14,1,16
303,1995/1996,44,1996-02-26,2,0,0,0,19,2,23
304,1995/1996,45,1996-03-04,1,1,0,1,11,0,14
305,1995/1996,46,1996-03-11,0,0,0,1,10,4,15
306,1995/1996,47,1996-03-18,0,0,0,0,3,1,4
307,1995/1996,48,1996-03-25,0,1,0,0,4,0,5
308,1995/1996,49,1996-04-01,0,0,0,0,4,1,5
309,1995/1996,50,1996-04-08,2,1,0,1,4,3,11
310,1995/1996,51,1996-04-15,0,0,0,1,9,1,11
311,1995/1996,52,1996-04-22,2,0,0,0,4,1,7
312,1996/1997,1,1996-04-29,1,0,0,0,3,0,4
313,1996/1997,2,1996-05-06,0,0,0,1,5,0,6
314,1996/1997,3,1996-05-13,0,0,0,2,3,0,5
315,1996/1997,4,1996-05-20,0,0,0,0,2,0,2
316,1996/1997,5,1996-05-27,0,0,0,1,3,0,4
317,1996/1997,6,1996-06-03,0,0,0,0,2,0,2
318,1996/1997,7,1996-06-10,0,0,0,1,2,1,4
319,1996/1997,8,1996-06-17,3,1,0,0,2,0,6
320,1996/1997,9,1996-06-24,2,0,0,1,3,0,6
321,1996/1997,10,1996-07-01,0,1,0,2,0,1,4
322,1996/1997,11,1996-07-08,0,0,0,2,2,2,6
323,1996/1997,12,1996-07-15,1,2,0,1,5,2,11
324,1996/1997,13,1996-07-22,2,1,0,0,10,3,16
325,1996/1997,14,1996-07-29,1,0,0,2,5,1,9
326,1996/1997,15,1996-08-05,1,2,0,1,7,1,12
327,1996/1997,16,1996-08-12,1,2,0,0,7,3,13
328,1996/1997,17,1996-08-19,0,4,0,1,18,4,27
329,1996/1997,18,1996-08-26,1,0,0,2,13,5,21
330,1996/1997,19,1996-09-02,2,2,0,1,11,3,19
331,1996/1997,20,1996-09-09,1,1,0,0,13,2,17
332,1996/1997,21,1996-09-16,1,1,0,1,18,3,24
333,1996/1997,22,1996-09-23,2,0,0,1,16,8,27
334,1996/1997,23,1996-09-30,1,1,0,1,19,8,30
335,1996/1997,24,1996-10-07,0,1,0,1,21,6,29
336,1996/1997,25,1996-10-14,1,1,0,1,14,8,25
337,1996/1997,26,1996-10-21,0,0,0,2,23,10,35
338,1996/1997,27,1996-10-28,2,1,0,2,20,8,33
339,1996/1997,28,1996-11-04,1,3,0,0,21,5,30
340,1996/1997,29,1996-11-11,1,2,0,1,13,12,29
341,1996/1997,30,1996-11-18,3,0,0,3,15,10,31
342,1996/1997,31,1996-11-25,0,1,0,4,22,2,29
343,1996/1997,32,1996-12-02,0,4,0,4,11,3,22
344,1996/1997,33,1996-12-09,2,1,0,3,15,6,27
345,1996/1997,34,1996-12-16,1,1,0,3,15,4,24
346,1996/1997,35,1996-12-23,0,1,0,4,16,5,26
347,1996/1997,36,1997-01-01,2,1,0,1,19,6,29
348,1996/1997,37,1997-01-08,0,0,0,3,18,1,22
349,1996/1997,38,1997-01-15,0,0,0,2,26,5,33
350,1996/1997,39,1997-01-22,0,3,0,1,12,8,24
351,1996/1997,40,1997-01-29,0,2,0,0,19,9,30
352,1996/1997,41,1997-02-05,0,1,0,0,15,4,20
353,1996/1997,42,1997-02-12,2,1,0,0,9,5,17
354,1996/1997,43,1997-02-19,2,1,0,0,17,4,24
355,1996/1997,44,1997-02-26,0,1,0,4,16,7,28
356,1996/1997,45,1997-03-05,2,0,0,0,11,5,18
357,1996/1997,46,1997-03-12,0,0,0,1,9,3,13
358,1996/1997,47,1997-03-19,0,0,0,2,4,3,9
359,1996/1997,48,1997-03-26,0,0,0,1,12,1,14
360,1996/1997,49,1997-04-02,1,0,0,0,9,1,11
361,1996/1997,50,1997-04-09,0,0,0,0,10,1,11
362,1996/1997,51,1997-04-16,2,0,0,1,14,2,19
363,1996/1997,52,1997-04-23,0,0,0,1,9,0,10
364,1997/1998,1,1997-04-30,0,0,0,1,7,0,8
365,1997/1998,2,1997-05-07,0,0,0,1,7,0,8
366,1997/1998,3,1997-05-14,1,0,0,1,7,0,9
367,1997/1998,4,1997-05-21,0,0,0,0,3,0,3
368,1997/1998,5,1997-05-28,0,0,0,0,7,0,7
369,1997/1998,6,1997-06-04,0,0,0,0,11,3,14
370,1997/1998,7,1997-06-11,0,0,0,0,4,0,4
371,1997/1998,8,1997-06-18,1,0,0,1,4,3,9
372,1997/1998,9,1997-06-25,0,0,0,0,9,5,14
373,1997/1998,10,1997-07-02,0,0,0,1,4,2,7
374,1997/1998,11,1997-07-09,0,0,0,1,7,1,9
375,1997/1998,12,1997-07-16,0,0,0,0,2,1,3
376,1997/1998,13,1997-07-23,0,0,0,0,3,0,3
377,1997/1998,14,1997-07-30,2,0,0,2,8,2,14
378,1997/1998,15,1997-08-06,1,0,0,1,10,0,12
379,1997/1998,16,1997-08-13,0,0,0,0,10,0,10
380,1997/1998,17,1997-08-20,2,0,0,1,17,1,21
381,1997/1998,18,1997-08-27,1,0,0,2,21,2,26
382,1997/1998,19,1997-09-03,1,1,0,2,30,13,47
383,1997/1998,20,1997-09-10,3,1,0,5,25,8,42
384,1997/1998,21,1997-09-17,4,1,0,0,18,8,31
385,1997/1998,22,1997-09-24,1,2,0,0,19,12,34
386,1997/1998,23,1997-10-01,0,0,0,1,23,9,33
387,1997/1998,24,1997-10-08,0,0,0,9,33,10,52
388,1997/1998,25,1997-10-15,2,3,0,5,24,22,56
389,1997/1998,26,1997-10-22,4,0,0,8,38,20,70
390,1997/1998,27,1997-10-29,2,0,0,2,68,40,112
391,1997/1998,28,1997-11-05,0,0,0,0,35,35,70
392,1997/1998,29,1997-11-12,1,0,0,1,23,22,47
393,1997/1998,30,1997-11-19,2,1,0,3,34,8,48
394,1997/1998,31,1997-11-26,1,1,0,2,28,17,49
395,1997/1998,32,1997-12-03,0,0,0,1,31,34,66
396,1997/1998,33,1997-12-10,0,0,0,2,37,17,56
397,1997/1998,34,1997-12-17,0,0,0,1,34,26,61
398,1997/1998,35,1997-12-24,0,3,0,3,36,25,67
399,1997/1998,36,1998-01-01,0,2,1,1,39,21,64
400,1997/1998,37,1998-01-08,2,0,0,3,41,22,68
401,1997/1998,38,1998-01-15,3,0,0,4,28,14,49
402,1997/1998,39,1998-01-22,0,0,1,2,34,13,50
403,1997/1998,40,1998-01-29,1,0,0,2,42,11,56
404,1997/1998,41,1998-02-05,2,3,0,4,49,17,75
405,1997/1998,42,1998-02-12,2,1,0,4,37,19,63
406,1997/1998,43,1998-02-19,1,2,0,5,43,11,62
407,1997/1998,44,1998-02-26,3,0,0,1,31,6,41
408,1997/1998,45,1998-03-05,2,2,0,9,32,5,50
409,1997/1998,46,1998-03-12,2,1,0,4,24,3,34
410,1997/1998,47,1998-03-19,2,1,0,5,23,0,31
411,1997/1998,48,1998-03-26,4,2,0,4,23,5,38
412,1997/1998,49,1998-04-02,1,0,0,4,23,2,30
413,1997/1998,50,1998-04-09,0,0,0,5,24,3,32
414,1997/1998,51,1998-04-16,3,0,0,4,17,2,26
415,1997/1998,52,1998-04-23,2,1,1,7,18,1,30
416,1998/1999,1,1998-04-30,4,2,0,1,27,2,36
417,1998/1999,2,1998-05-07,2,0,0,7,24,2,35
418,1998/1999,3,1998-05-14,5,0,0,9,30,2,46
419,1998/1999,4,1998-05-21,1,4,0,6,33,4,48
420,1998/1999,5,1998-05-28,3,1,2,7,27,4,44
421,1998/1999,6,1998-06-04,5,1,0,9,33,3,51
422,1998/1999,7,1998-06-11,6,1,0,10,37,5,59
423,1998/1999,8,1998-06-18,1,3,2,4,51,10,71
424,1998/1999,9,1998-06-25,11,2,0,12,65,12,102
425,1998/1999,10,1998-07-02,3,1,0,3,87,34,128
426,1998/1999,11,1998-07-09,8,1,0,17,71,30,127
427,1998/1999,12,1998-07-16,11,5,0,8,63,63,150
428,1998/1999,13,1998-07-23,4,5,1,9,93,79,191
429,1998/1999,14,1998-07-30,2,3,5,9,119,118,256
430,1998/1999,15,1998-08-06,6,7,2,11,105,198,329
431,1998/1999,16,1998-08-13,8,3,2,15,70,165,263
432,1998/1999,17,1998-08-20,5,1,0,11,58,145,220
433,1998/1999,18,1998-08-27,7,4,2,12,58,121,204
434,1998/1999,19,1998-09-03,1,1,0,5,44,130,181
435,1998/1999,20,1998-09-10,0,0,2,0,19,78,99
436,1998/1999,21,1998-09-17,0,0,0,2,28,24,54
437,1998/1999,22,1998-09-24,2,1,5,4,27,41,80
438,1998/1999,23,1998-10-01,2,1,2,2,42,53,102
439,1998/1999,24,1998-10-08,6,1,1,4,49,66,127
440,1998/1999,25,1998-10-15,0,1,1,3,42,26,73
441,1998/1999,26,1998-10-22,1,1,4,4,40,18,68
442,1998/1999,27,1998-10-29,0,1,0,0,38,25,64
443,1998/1999,28,1998-11-05,2,1,2,1,25,24,55
444,1998/1999,29,1998-11-12,1,3,2,5,30,26,67
445,1998/1999,30,1998-11-19,1,3,3,2,43,32,84
446,1998/1999,31,1998-11-26,1,3,7,4,54,16,85
447,1998/1999,32,1998-12-03,1,4,1,0,37,24,67
448,1998/1999,33,1998-12-10,0,2,1,2,46,22,73
449,1998/1999,34,1998-12-17,1,3,3,0,50,32,89
450,1998/1999,35,1998-12-24,2,3,2,2,42,17,68
451,1998/1999,36,1999-01-01,4,5,10,3,26,11,59
452,1998/1999,37,1999-01-08,1,0,9,7,35,4,56
453,1998/1999,38,1999-01-15,2,8,8,3,43,13,77
454,1998/1999,39,1999-01-22,1,1,8,2,56,7,75
455,1998/1999,40,1999-01-29,1,2,3,1,33,7,47
456,1998/1999,41,1999-02-05,0,0,1,2,42,5,50
457,1998/1999,42,1999-02-12,0,1,1,1,36,3,42
458,1998/1999,43,1999-02-19,0,0,1,0,27,0,28
459,1998/1999,44,1999-02-26,0,0,3,1,30,3,37
460,1998/1999,45,1999-03-05,1,0,0,0,32,4,37
461,1998/1999,46,1999-03-12,1,0,3,0,23,0,27
462,1998/1999,47,1999-03-19,0,0,1,0,11,0,12
463,1998/1999,48,1999-03-26,0,0,1,0,14,0,15
464,1998/1999,49,1999-04-02,0,0,4,1,17,0,22
465,1998/1999,50,1999-04-09,0,0,0,1,7,0,8
466,1998/1999,51,1999-04-16,1,0,1,0,13,0,15
467,1998/1999,52,1999-04-23,0,0,2,0,15,0,17
468,1999/2000,1,1999-04-30,0,0,2,0,8,0,10
469,1999/2000,2,1999-05-07,0,0,1,0,8,0,9
470,1999/2000,3,1999-05-14,1,0,2,0,8,0,11
471,1999/2000,4,1999-05-21,0,0,0,1,19,0,20
472,1999/2000,5,1999-05-28,0,0,2,1,10,0,13
473,1999/2000,6,1999-06-04,0,0,0,1,10,0,11
474,1999/2000,7,1999-06-11,0,0,1,0,15,0,16
475,1999/2000,8,1999-06-18,0,0,1,0,10,0,11
476,1999/2000,9,1999-06-25,0,0,0,0,7,0,7
477,1999/2000,10,1999-07-02,0,1,4,0,12,0,17
478,1999/2000,11,1999-07-09,0,0,0,0,14,0,14
479,1999/2000,12,1999-07-16,0,1,1,0,11,0,13
480,1999/2000,13,1999-07-23,0,0,2,0,13,0,15
481,1999/2000,14,1999-07-30,0,5,3,0,22,0,30
482,1999/2000,15,1999-08-06,0,1,5,0,19,0,25
483,1999/2000,16,1999-08-13,1,1,2,0,36,0,40
484,1999/2000,17,1999-08-20,1,3,8,1,31,0,44
485,1999/2000,18,1999-08-27,0,0,4,1,20,0,25
486,1999/2000,19,1999-09-03,1,1,1,0,18,0,21
487,1999/2000,20,1999-09-10,1,4,9,1,33,0,48
488,1999/2000,21,1999-09-17,1,7,5,0,43,0,56
489,1999/2000,22,1999-09-24,2,1,5,0,52,0,60
490,1999/2000,23,1999-10-01,1,1,5,1,37,0,45
491,1999/2000,24,1999-10-08,1,1,3,1,49,0,55
492,1999/2000,25,1999-10-15,0,2,2,1,27,0,32
493,1999/2000,26,1999-10-22,1,3,4,0,38,0,46
494,1999/2000,27,1999-10-29,0,6,9,0,46,0,61
495,1999/2000,28,1999-11-05,1,2,6,0,33,0,42
496,1999/2000,29,1999-11-12,1,0,0,0,36,0,37
497,1999/2000,30,1999-11-19,0,1,6,0,36,0,43
498,1999/2000,31,1999-11-26,1,0,4,0,29,0,34
499,1999/2000,32,1999-12-03,0,3,4,0,33,0,40
500,1999/2000,33,1999-12-10,0,0,1,0,24,0,25
501,1999/2000,34,1999-12-17,1,3,2,0,10,0,16
502,1999/2000,35,1999-12-24,0,0,7,0,10,0,17
503,1999/2000,36,2000-01-01,0,0,1,0,16,0,17
504,1999/2000,37,2000-01-08,0,0,1,0,15,0,16
505,1999/2000,38,2000-01-15,1,1,3,0,18,0,23
506,1999/2000,39,2000-01-22,0,0,1,0,16,1,18
507,1999/2000,40,2000-01-29,1,0,0,0,16,1,18
508,1999/2000,41,2000-02-05,0,0,2,0,7,0,9
509,1999/2000,42,2000-02-12,0,0,1,0,6,0,7
510,1999/2000,43,2000-02-19,0,0,1,0,6,0,7
511,1999/2000,44,2000-02-26,0,0,0,0,4,0,4
512,1999/2000,45,2000-03-04,0,0,2,0,1,0,3
513,1999/2000,46,2000-03-11,0,0,1,0,1,0,2
514,1999/2000,47,2000-03-18,0,0,2,0,6,0,8
515,1999/2000,48,2000-03-25,0,0,0,0,3,0,3
516,1999/2000,49,2000-04-01,0,0,0,0,1,0,1
517,1999/2000,50,2000-04-08,0,0,0,0,1,0,1
518,1999/2000,51,2000-04-15,0,0,0,0,2,0,2
519,1999/2000,52,2000-04-22,0,0,0,0,2,1,3
520,2000/2001,1,2000-04-29,0,0,0,0,2,1,3
521,2000/2001,2,2000-05-06,0,0,0,0,2,0,2
522,2000/2001,3,2000-05-13,0,0,0,0,0,0,0
523,2000/2001,4,2000-05-20,0,0,0,0,0,0,0
524,2000/2001,5,2000-05-27,0,0,1,0,1,0,2
525,2000/2001,6,2000-06-03,0,0,0,0,1,1,2
526,2000/2001,7,2000-06-10,0,0,0,0,0,0,0
527,2000/2001,8,2000-06-17,0,0,1,0,3,2,6
528,2000/2001,9,2000-06-24,0,0,0,0,2,1,3
529,2000/2001,10,2000-07-01,0,0,1,0,5,0,6
530,2000/2001,11,2000-07-08,0,0,1,0,1,0,2
531,2000/2001,12,2000-07-15,0,0,0,0,3,0,3
532,2000/2001,13,2000-07-22,0,0,0,0,2,0,2
533,2000/2001,14,2000-07-29,0,0,0,0,4,0,4
534,2000/2001,15,2000-08-05,0,0,1,0,3,1,5
535,2000/2001,16,2000-08-12,0,0,1,0,1,0,2
536,2000/2001,17,2000-08-19,0,2,3,0,4,0,9
537,2000/2001,18,2000-08-26,0,0,1,0,1,0,2
538,2000/2001,19,2000-09-02,0,0,1,0,2,1,4
539,2000/2001,20,2000-09-09,0,2,2,0,3,1,8
540,2000/2001,21,2000-09-16,0,0,2,0,4,0,6
541,2000/2001,22,2000-09-23,0,0,3,0,0,0,3
542,2000/2001,23,2000-09-30,0,0,5,0,6,0,11
543,2000/2001,24,2000-10-07,0,0,3,0,8,3,14
544,2000/2001,25,2000-10-14,0,0,5,0,5,5,15
545,2000/2001,26,2000-10-21,0,0,6,0,10,4,20
546,2000/2001,27,2000-10-28,0,1,3,0,5,0,9
547,2000/2001,28,2000-11-04,0,0,7,0,11,2,20
548,2000/2001,29,2000-11-11,0,0,16,0,9,3,28
549,2000/2001,30,2000-11-18,0,1,9,0,21,7,38
550,2000/2001,31,2000-11-25,0,0,13,0,14,3,30
551,2000/2001,32,2000-12-02,0,1,11,0,16,2,30
552,2000/2001,33,2000-12-09,0,0,10,0,12,1,23
553,2000/2001,34,2000-12-16,0,0,4,0,12,0,16
554,2000/2001,35,2000-12-23,0,0,4,0,16,2,22
555,2000/2001,36,2001-01-01,0,0,10,0,16,2,28
556,2000/2001,37,2001-01-08,0,0,4,0,7,3,14
557,2000/2001,38,2001-01-15,0,0,7,0,9,1,17
558,2000/2001,39,2001-01-22,0,0,7,0,12,1,20
559,2000/2001,40,2001-01-29,0,1,6,0,9,1,17
560,2000/2001,41,2001-02-05,0,0,6,0,3,1,10
561,2000/2001,42,2001-02-12,0,0,7,0,5,1,13
562,2000/2001,43,2001-02-19,0,0,6,0,10,4,20
563,2000/2001,44,2001-02-26,0,0,2,0,6,1,9
564,2000/2001,45,2001-03-05,0,0,7,0,7,4,18
565,2000/2001,46,2001-03-12,0,1,3,0,5,0,9
566,2000/2001,47,2001-03-19,0,0,1,0,4,3,8
567,2000/2001,48,2001-03-26,0,0,2,0,14,3,19
568,2000/2001,49,2001-04-02,0,0,5,0,4,2,11
569,2000/2001,50,2001-04-09,0,0,0,0,3,1,4
570,2000/2001,51,2001-04-16,0,0,0,0,5,1,6
571,2000/2001,52,2001-04-23,0,0,2,0,4,0,6
572,2001/2002,1,2001-04-30,0,0,0,0,7,1,8
573,2001/2002,2,2001-05-07,0,3,3,0,6,1,13
574,2001/2002,3,2001-05-14,0,0,2,0,5,1,8
575,2001/2002,4,2001-05-21,0,1,1,0,5,1,8
576,2001/2002,5,2001-05-28,0,0,3,0,2,0,5
577,2001/2002,6,2001-06-04,0,0,8,0,4,4,16
578,2001/2002,7,2001-06-11,0,0,7,0,4,1,12
579,2001/2002,8,2001-06-18,0,0,5,0,4,2,11
580,2001/2002,9,2001-06-25,0,0,4,0,11,3,18
581,2001/2002,10,2001-07-02,0,1,3,0,5,1,10
582,2001/2002,11,2001-07-09,0,0,4,0,13,5,22
583,2001/2002,12,2001-07-16,0,0,2,0,12,0,14
584,2001/2002,13,2001-07-23,0,0,5,0,9,2,16
585,2001/2002,14,2001-07-30,0,0,8,0,10,0,18
586,2001/2002,15,2001-08-06,0,1,5,0,15,6,27
587,2001/2002,16,2001-08-13,0,0,4,0,28,6,38
588,2001/2002,17,2001-08-20,0,0,12,0,20,3,35
589,2001/2002,18,2001-08-27,0,1,10,0,26,4,41
590,2001/2002,19,2001-09-03,0,0,6,0,38,7,51
591,2001/2002,20,2001-09-10,0,0,10,0,45,10,65
592,2001/2002,21,2001-09-17,0,0,8,0,40,7,55
593,2001/2002,22,2001-09-24,0,2,13,0,37,2,54
594,2001/2002,23,2001-10-01,0,0,12,0,43,7,62
595,2001/2002,24,2001-10-08,0,0,7,0,51,6,64
596,2001/2002,25,2001-10-15,0,0,8,0,45,3,56
597,2001/2002,26,2001-10-22,0,1,14,0,45,5,65
598,2001/2002,27,2001-10-29,0,0,10,0,55,6,71
599,2001/2002,28,2001-11-05,0,0,13,0,57,5,75
600,2001/2002,29,2001-11-12,0,0,22,0,41,8,71
601,2001/2002,30,2001-11-19,0,3,13,0,47,9,72
602,2001/2002,31,2001-11-26,0,0,10,0,33,4,47
603,2001/2002,32,2001-12-03,0,1,10,0,11,5,27
604,2001/2002,33,2001-12-10,0,2,15,0,16,2,35
605,2001/2002,34,2001-12-17,0,2,8,0,12,3,25
606,2001/2002,35,2001-12-24,0,1,9,0,8,1,19
607,2001/2002,36,2002-01-01,0,1,12,0,22,2,37
608,2001/2002,37,2002-01-08,0,1,10,0,21,6,38
609,2001/2002,38,2002-01-15,0,0,12,0,18,4,34
610,2001/2002,39,2002-01-22,0,1,6,0,15,4,26
611,2001/2002,40,2002-01-29,0,0,6,0,10,3,19
612,2001/2002,41,2002-02-05,0,0,5,0,13,0,18
613,2001/2002,42,2002-02-12,0,0,7,0,13,2,22
614,2001/2002,43,2002-02-19,0,0,5,0,9,2,16
615,2001/2002,44,2002-02-26,0,0,5,0,10,3,18
616,2001/2002,45,2002-03-05,0,0,2,0,4,0,6
617,2001/2002,46,2002-03-12,0,0,3,0,8,1,12
618,2001/2002,47,2002-03-19,0,0,3,0,3,0,6
619,2001/2002,48,2002-03-26,0,0,2,0,4,0,6
620,2001/2002,49,2002-04-02,0,0,1,0,2,0,3
621,2001/2002,50,2002-04-09,0,0,3,0,3,1,7
622,2001/2002,51,2002-04-16,0,0,0,0,4,2,6
623,2001/2002,52,2002-04-23,0,0,0,0,1,0,1
624,2002/2003,1,2002-04-30,0,0,1,0,2,0,3
625,2002/2003,2,2002-05-07,0,0,1,0,1,0,2
626,2002/2003,3,2002-05-14,0,0,0,0,2,0,2
627,2002/2003,4,2002-05-21,0,0,0,0,1,0,1
628,2002/2003,5,2002-05-28,0,0,2,0,6,2,10
629,2002/2003,6,2002-06-04,0,0,0,0,2,1,3
630,2002/2003,7,2002-06-11,0,0,1,0,2,0,3
631,2002/2003,8,2002-06-18,0,0,0,0,1,0,1
632,2002/2003,9,2002-06-25,0,0,0,0,0,1,1
633,2002/2003,10,2002-07-02,0,0,0,0,2,0,2
634,2002/2003,11,2002-07-09,0,0,0,0,6,0,6
635,2002/2003,12,2002-07-16,0,0,3,0,0,0,3
636,2002/2003,13,2002-07-23,0,0,1,0,2,0,3
637,2002/2003,14,2002-07-30,0,0,3,0,1,1,5
638,2002/2003,15,2002-08-06,0,1,1,0,2,0,4
639,2002/2003,16,2002-08-13,0,0,1,0,6,0,7
640,2002/2003,17,2002-08-20,0,0,2,0,3,1,6
641,2002/2003,18,2002-08-27,0,0,3,0,1,1,5
642,2002/2003,19,2002-09-03,0,0,4,0,3,0,7
643,2002/2003,20,2002-09-10,0,0,4,0,2,0,6
644,2002/2003,21,2002-09-17,0,0,2,0,1,1,4
645,2002/2003,22,2002-09-24,0,0,1,0,2,1,4
646,2002/2003,23,2002-10-01,0,0,1,0,2,4,7
647,2002/2003,24,2002-10-08,0,0,1,0,8,0,9
648,2002/2003,25,2002-10-15,0,0,1,0,4,0,5
649,2002/2003,26,2002-10-22,0,0,1,0,3,1,5
650,2002/2003,27,2002-10-29,0,0,1,0,7,2,10
651,2002/2003,28,2002-11-05,0,0,2,0,4,0,6
652,2002/2003,29,2002-11-12,0,0,2,0,10,1,13
653,2002/2003,30,2002-11-19,0,0,0,0,6,0,6
654,2002/2003,31,2002-11-26,0,0,0,0,2,3,5
655,2002/2003,32,2002-12-03,0,0,2,0,3,0,5
656,2002/2003,33,2002-12-10,0,0,4,0,5,0,9
657,2002/2003,34,2002-12-17,0,0,1,0,2,0,3
658,2002/2003,35,2002-12-24,0,1,0,0,4,1,6
659,2002/2003,36,2003-01-01,0,2,1,0,8,0,11
660,2002/2003,37,2003-01-08,0,1,1,0,5,0,7
661,2002/2003,38,2003-01-15,0,0,1,0,5,1,7
662,2002/2003,39,2003-01-22,0,0,1,0,12,2,15
663,2002/2003,40,2003-01-29,0,1,1,0,7,0,9
664,2002/2003,41,2003-02-05,0,0,1,0,4,1,6
665,2002/2003,42,2003-02-12,0,0,2,0,4,0,6
666,2002/2003,43,2003-02-19,0,0,3,0,3,0,6
667,2002/2003,44,2003-02-26,0,0,2,0,5,0,7
668,2002/2003,45,2003-03-05,0,0,2,0,7,1,10
669,2002/2003,46,2003-03-12,0,0,1,0,7,0,8
670,2002/2003,47,2003-03-19,0,0,5,0,2,0,7
671,2002/2003,48,2003-03-26,0,1,2,0,7,2,12
672,2002/2003,49,2003-04-02,0,0,0,0,3,0,3
673,2002/2003,50,2003-04-09,0,0,0,0,2,0,2
674,2002/2003,51,2003-04-16,1,2,1,0,3,0,7
675,2002/2003,52,2003-04-23,0,1,2,0,2,0,5
676,2003/2004,1,2003-04-30,0,0,1,0,4,0,5
677,2003/2004,2,2003-05-07,0,0,2,0,5,0,7
678,2003/2004,3,2003-05-14,0,0,3,0,4,0,7
679,2003/2004,4,2003-05-21,0,0,2,0,5,0,7
680,2003/2004,5,2003-05-28,0,0,4,0,3,0,7
681,2003/2004,6,2003-06-04,0,0,3,0,6,1,10
682,2003/2004,7,2003-06-11,0,0,9,0,3,1,13
683,2003/2004,8,2003-06-18,0,1,4,0,5,0,10
684,2003/2004,9,2003-06-25,0,2,2,0,10,0,14
685,2003/2004,10,2003-07-02,0,0,2,0,9,0,11
686,2003/2004,11,2003-07-09,0,0,0,0,18,2,20
687,2003/2004,12,2003-07-16,0,0,0,0,22,3,25
688,2003/2004,13,2003-07-23,0,0,2,0,15,0,17
689,2003/2004,14,2003-07-30,0,0,3,0,13,2,18
690,2003/2004,15,2003-08-06,0,1,9,0,15,0,25
691,2003/2004,16,2003-08-13,0,2,5,0,13,1,21
692,2003/2004,17,2003-08-20,0,0,9,0,20,2,31
693,2003/2004,18,2003-08-27,0,2,7,0,22,1,32
694,2003/2004,19,2003-09-03,0,1,3,0,21,1,26
695,2003/2004,20,2003-09-10,0,2,5,0,25,3,35
696,2003/2004,21,2003-09-17,0,0,5,0,19,4,28
697,2003/2004,22,2003-09-24,0,2,10,0,24,1,37
698,2003/2004,23,2003-10-01,0,1,10,0,29,1,41
699,2003/2004,24,2003-10-08,0,0,6,0,26,2,34
700,2003/2004,25,2003-10-15,0,0,9,0,19,2,30
701,2003/2004,26,2003-10-22,0,0,10,0,27,2,39
702,2003/2004,27,2003-10-29,0,4,9,0,24,2,39
703,2003/2004,28,2003-11-05,0,1,4,0,27,7,39
704,2003/2004,29,2003-11-12,0,0,2,0,28,4,34
705,2003/2004,30,2003-11-19,0,0,3,0,19,8,30
706,2003/2004,31,2003-11-26,0,0,2,0,23,12,37
707,2003/2004,32,2003-12-03,0,1,6,0,17,5,29
708,2003/2004,33,2003-12-10,0,2,4,0,15,5,26
709,2003/2004,34,2003-12-17,0,2,1,0,7,5,15
710,2003/2004,35,2003-12-24,0,2,6,0,8,6,22
711,2003/2004,36,2004-01-01,0,3,2,0,8,2,15
712,2003/2004,37,2004-01-08,0,1,5,0,10,4,20
713,2003/2004,38,2004-01-15,0,1,4,0,6,3,14
714,2003/2004,39,2004-01-22,0,2,2,0,6,0,10
715,2003/2004,40,2004-01-29,0,0,6,0,14,1,21
716,2003/2004,41,2004-02-05,0,1,3,0,5,5,14
717,2003/2004,42,2004-02-12,0,0,4,0,8,2,14
718,2003/2004,43,2004-02-19,0,0,4,0,4,1,9
719,2003/2004,44,2004-02-26,0,2,4,0,5,0,11
720,2003/2004,45,2004-03-04,0,1,1,0,3,0,5
721,2003/2004,46,2004-03-11,0,2,1,0,3,0,6
722,2003/2004,47,2004-03-18,0,0,1,0,6,0,7
723,2003/2004,48,2004-03-25,0,3,3,0,5,0,11
724,2003/2004,49,2004-04-01,0,0,0,0,4,0,4
725,2003/2004,50,2004-04-08,0,1,1,0,1,0,3
726,2003/2004,51,2004-04-15,0,0,1,0,1,0,2
727,2003/2004,52,2004-04-22,0,2,1,0,2,1,6
728,2004/2005,1,2004-04-29,0,3,2,0,4,1,10
729,2004/2005,2,2004-05-06,0,1,0,0,5,1,7
730,2004/2005,3,2004-05-13,0,1,2,0,2,0,5
731,2004/2005,4,2004-05-20,0,0,0,0,3,0,3
732,2004/2005,5,2004-05-27,0,1,3,0,7,1,12
733,2004/2005,6,2004-06-03,0,1,0,0,11,1,13
734,2004/2005,7,2004-06-10,0,0,1,0,9,0,10
735,2004/2005,8,2004-06-17,0,2,3,0,6,2,13
736,2004/2005,9,2004-06-24,0,2,1,0,8,2,13
737,2004/2005,10,2004-07-01,0,0,3,0,5,0,8
738,2004/2005,11,2004-07-08,0,1,1,0,17,2,21
739,2004/2005,12,2004-07-15,0,2,1,0,15,0,18
740,2004/2005,13,2004-07-22,0,0,0,0,8,0,8
741,2004/2005,14,2004-07-29,0,1,1,0,5,0,7
742,2004/2005,15,2004-08-05,0,5,1,0,14,0,20
743,2004/2005,16,2004-08-12,0,1,1,0,12,0,14
744,2004/2005,17,2004-08-19,0,4,2,0,8,0,14
745,2004/2005,18,2004-08-26,0,3,2,0,2,0,7
746,2004/2005,19,2004-09-02,0,3,1,0,8,2,14
747,2004/2005,20,2004-09-09,0,2,1,0,7,0,10
748,2004/2005,21,2004-09-16,0,1,2,0,6,4,13
749,2004/2005,22,2004-09-23,0,4,2,0,18,3,27
750,2004/2005,23,2004-09-30,0,2,1,0,9,1,13
751,2004/2005,24,2004-10-07,0,5,2,0,10,1,18
752,2004/2005,25,2004-10-14,0,2,3,0,10,1,16
753,2004/2005,26,2004-10-21,0,4,1,0,8,3,16
754,2004/2005,27,2004-10-28,0,4,3,0,13,0,20
755,2004/2005,28,2004-11-04,0,3,2,0,11,1,17
756,2004/2005,29,2004-11-11,0,1,1,0,2,0,4
757,2004/2005,30,2004-11-18,0,3,0,0,11,1,15
758,2004/2005,31,2004-11-25,0,1,0,0,6,1,8
759,2004/2005,32,2004-12-02,0,1,0,0,5,0,6
760,2004/2005,33,2004-12-09,0,1,1,0,10,0,12
761,2004/2005,34,2004-12-16,0,2,1,0,12,0,15
762,2004/2005,35,2004-12-23,0,3,1,0,7,0,11
763,2004/2005,36,2005-01-01,0,2,2,0,5,1,10
764,2004/2005,37,2005-01-08,0,5,0,0,8,2,15
765,2004/2005,38,2005-01-15,0,2,2,0,12,1,17
766,2004/2005,39,2005-01-22,0,3,1,0,2,1,7
767,2004/2005,40,2005-01-29,0,2,1,0,4,0,7
768,2004/2005,41,2005-02-05,0,2,0,0,6,0,8
769,2004/2005,42,2005-02-12,0,3,1,0,5,0,9
770,2004/2005,43,2005-02-19,0,1,0,0,10,1,12
771,2004/2005,44,2005-02-26,0,2,0,0,9,1,12
772,2004/2005,45,2005-03-05,0,1,0,0,4,0,5
773,2004/2005,46,2005-03-12,0,1,1,0,2,0,4
774,2004/2005,47,2005-03-19,0,1,0,0,8,2,11
775,2004/2005,48,2005-03-26,0,1,0,0,3,0,4
776,2004/2005,49,2005-04-02,0,1,0,0,3,1,5
777,2004/2005,50,2005-04-09,0,3,0,0,4,0,7
778,2004/2005,51,2005-04-16,0,0,0,0,1,0,1
779,2004/2005,52,2005-04-23,0,1,0,0,0,0,1
780,2005/2006,1,2005-04-30,0,2,0,0,2,0,4
781,2005/2006,2,2005-05-07,0,0,0,0,1,1,2
782,2005/2006,3,2005-05-14,0,3,0,0,2,1,6
783,2005/2006,4,2005-05-21,0,0,0,0,3,0,3
784,2005/2006,5,2005-05-28,0,1,0,0,3,0,4
785,2005/2006,6,2005-06-04,0,3,1,0,6,0,10
786,2005/2006,7,2005-06-11,0,3,0,0,9,0,12
787,2005/2006,8,2005-06-18,0,6,1,0,13,1,21
788,2005/2006,9,2005-06-25,0,8,0,0,15,3,26
789,2005/2006,10,2005-07-02,0,6,1,0,13,1,21
790,2005/2006,11,2005-07-09,0,6,0,0,21,3,30
791,2005/2006,12,2005-07-16,0,5,0,0,37,3,45
792,2005/2006,13,2005-07-23,0,5,1,0,45,5,56
793,2005/2006,14,2005-07-30,0,9,2,0,60,4,75
794,2005/2006,15,2005-08-06,0,20,1,0,58,4,83
795,2005/2006,16,2005-08-13,0,12,2,0,60,8,82
796,2005/2006,17,2005-08-20,0,13,3,0,93,17,126
797,2005/2006,18,2005-08-27,0,17,1,0,80,21,119
798,2005/2006,19,2005-09-03,0,20,7,0,92,18,137
799,2005/2006,20,2005-09-10,0,30,3,0,88,10,131
800,2005/2006,21,2005-09-17,0,27,2,0,71,12,112
801,2005/2006,22,2005-09-24,0,14,6,0,54,8,82
802,2005/2006,23,2005-10-01,0,15,2,0,53,3,73
803,2005/2006,24,2005-10-08,0,7,2,0,33,1,43
804,2005/2006,25,2005-10-15,0,9,2,0,44,0,55
805,2005/2006,26,2005-10-22,0,16,4,1,32,2,55
806,2005/2006,27,2005-10-29,0,8,4,0,39,2,53
807,2005/2006,28,2005-11-05,0,9,0,0,34,3,46
808,2005/2006,29,2005-11-12,0,8,0,0,28,7,43
809,2005/2006,30,2005-11-19,0,4,0,0,25,0,29
810,2005/2006,31,2005-11-26,0,8,2,0,12,0,22
811,2005/2006,32,2005-12-03,0,12,1,0,11,2,26
812,2005/2006,33,2005-12-10,0,6,0,0,7,0,13
813,2005/2006,34,2005-12-17,0,10,1,0,6,0,17
814,2005/2006,35,2005-12-24,0,3,0,0,5,0,8
815,2005/2006,36,2006-01-01,0,4,1,0,8,0,13
816,2005/2006,37,2006-01-08,0,3,0,0,7,0,10
817,2005/2006,38,2006-01-15,0,8,0,0,8,1,17
818,2005/2006,39,2006-01-22,0,11,2,0,6,0,19
819,2005/2006,40,2006-01-29,0,4,1,0,4,0,9
820,2005/2006,41,2006-02-05,0,3,1,0,4,1,9
821,2005/2006,42,2006-02-12,0,4,1,0,4,0,9
822,2005/2006,43,2006-02-19,0,2,1,0,0,0,3
823,2005/2006,44,2006-02-26,0,6,0,0,0,1,7
824,2005/2006,45,2006-03-05,0,2,2,0,3,0,7
825,2005/2006,46,2006-03-12,0,0,0,0,0,0,0
826,2005/2006,47,2006-03-19,0,0,0,0,1,1,2
827,2005/2006,48,2006-03-26,0,1,1,0,1,0,3
828,2005/2006,49,2006-04-02,0,2,0,0,1,0,3
829,2005/2006,50,2006-04-09,0,0,1,0,0,0,1
830,2005/2006,51,2006-04-16,0,1,0,0,2,0,3
831,2005/2006,52,2006-04-23,0,2,0,0,1,0,3
832,2006/2007,1,2006-04-30,0,2,0,0,1,0,3
833,2006/2007,2,2006-05-07,0,2,0,0,4,1,7
834,2006/2007,3,2006-05-14,0,1,0,0,2,0,3
835,2006/2007,4,2006-05-21,0,1,0,0,3,1,5
836,2006/2007,5,2006-05-28,0,3,2,0,5,1,11
837,2006/2007,6,2006-06-04,0,1,0,0,4,0,5
838,2006/2007,7,2006-06-11,0,1,0,0,4,0,5
839,2006/2007,8,2006-06-18,0,3,1,0,2,0,6
840,2006/2007,9,2006-06-25,0,2,1,0,3,0,6
841,2006/2007,10,2006-07-02,0,0,0,0,4,0,4
842,2006/2007,11,2006-07-09,0,3,0,0,1,0,4
843,2006/2007,12,2006-07-16,0,2,0,0,6,0,8
844,2006/2007,13,2006-07-23,0,6,4,0,4,0,14
845,2006/2007,14,2006-07-30,0,3,3,0,6,0,12
846,2006/2007,15,2006-08-06,0,7,0,0,8,1,16
847,2006/2007,16,2006-08-13,0,2,0,0,8,0,10
848,2006/2007,17,2006-08-20,0,5,3,0,8,0,16
849,2006/2007,18,2006-08-27,0,4,5,0,7,2,18
850,2006/2007,19,2006-09-03,0,5,1,1,6,2,15
851,2006/2007,20,2006-09-10,0,3,7,0,12,1,23
852,2006/2007,21,2006-09-17,0,7,4,0,6,0,17
853,2006/2007,22,2006-09-24,0,12,6,0,13,2,33
854,2006/2007,23,2006-10-01,0,4,3,0,8,0,15
855,2006/2007,24,2006-10-08,0,4,5,0,3,1,13
856,2006/2007,25,2006-10-15,0,5,2,0,4,0,11
857,2006/2007,26,2006-10-22,1,6,2,0,4,1,14
858,2006/2007,27,2006-10-29,0,1,5,0,11,0,17
859,2006/2007,28,2006-11-05,0,5,5,0,8,1,19
860,2006/2007,29,2006-11-12,0,5,4,1,9,1,20
861,2006/2007,30,2006-11-19,0,4,1,0,7,0,12
862,2006/2007,31,2006-11-26,0,6,6,0,9,0,21
863,2006/2007,32,2006-12-03,0,3,3,0,1,0,7
864,2006/2007,33,2006-12-10,0,2,6,0,10,1,19
865,2006/2007,34,2006-12-17,0,2,4,0,2,2,10
866,2006/2007,35,2006-12-24,0,2,5,0,5,1,13
867,2006/2007,36,2007-01-01,0,1,5,0,4,0,10
868,2006/2007,37,2007-01-08,0,1,2,0,3,2,8
869,2006/2007,38,2007-01-15,0,3,6,0,10,2,21
870,2006/2007,39,2007-01-22,0,5,1,1,3,1,11
871,2006/2007,40,2007-01-29,0,2,2,0,4,1,9
872,2006/2007,41,2007-02-05,0,4,5,0,5,0,14
873,2006/2007,42,2007-02-12,0,6,4,0,4,0,14
874,2006/2007,43,2007-02-19,0,3,7,0,5,0,15
875,2006/2007,44,2007-02-26,0,4,8,0,5,1,18
876,2006/2007,45,2007-03-05,0,3,7,0,6,0,16
877,2006/2007,46,2007-03-12,0,5,0,0,6,1,12
878,2006/2007,47,2007-03-19,0,7,4,0,8,1,20
879,2006/2007,48,2007-03-26,0,3,1,0,4,0,8
880,2006/2007,49,2007-04-02,0,0,1,0,2,0,3
881,2006/2007,50,2007-04-09,0,2,2,0,8,1,13
882,2006/2007,51,2007-04-16,0,1,1,0,2,0,4
883,2006/2007,52,2007-04-23,0,0,0,0,1,0,1
884,2007/2008,1,2007-04-30,0,6,0,0,4,0,10
885,2007/2008,2,2007-05-07,0,3,3,0,2,0,8
886,2007/2008,3,2007-05-14,0,0,6,0,7,0,13
887,2007/2008,4,2007-05-21,0,0,4,0,6,0,10
888,2007/2008,5,2007-05-28,0,1,13,0,6,1,21
889,2007/2008,6,2007-06-04,0,3,7,0,7,1,18
890,2007/2008,7,2007-06-11,0,4,7,0,9,1,21
891,2007/2008,8,2007-06-18,0,6,13,0,12,3,34
892,2007/2008,9,2007-06-25,0,4,4,1,13,3,25
893,2007/2008,10,2007-07-02,2,3,9,0,18,2,34
894,2007/2008,11,2007-07-09,1,6,11,1,11,3,33
895,2007/2008,12,2007-07-16,2,7,21,0,9,1,40
896,2007/2008,13,2007-07-23,5,10,20,0,6,1,42
897,2007/2008,14,2007-07-30,0,3,23,0,7,3,36
898,2007/2008,15,2007-08-06,2,9,35,0,23,3,72
899,2007/2008,16,2007-08-13,8,14,28,2,21,2,75
900,2007/2008,17,2007-08-20,5,14,34,3,19,1,76
901,2007/2008,18,2007-08-27,7,6,53,5,16,5,92
902,2007/2008,19,2007-09-03,6,14,34,1,12,4,71
903,2007/2008,20,2007-09-10,10,13,58,1,26,4,112
904,2007/2008,21,2007-09-17,9,6,52,0,37,2,106
905,2007/2008,22,2007-09-24,6,15,48,1,27,4,101
906,2007/2008,23,2007-10-01,13,23,74,3,45,12,170
907,2007/2008,24,2007-10-08,7,19,59,0,45,5,135
908,2007/2008,25,2007-10-15,10,13,41,0,37,5,106
909,2007/2008,26,2007-10-22,7,6,25,3,20,7,68
910,2007/2008,27,2007-10-29,2,4,8,0,29,5,48
911,2007/2008,28,2007-11-05,2,5,27,0,12,2,48
912,2007/2008,29,2007-11-12,0,0,9,0,15,2,26
913,2007/2008,30,2007-11-19,1,2,8,0,17,5,33
914,2007/2008,31,2007-11-26,3,0,10,0,16,0,29
915,2007/2008,32,2007-12-03,1,1,4,0,11,0,17
916,2007/2008,33,2007-12-10,0,0,1,0,10,1,12
917,2007/2008,34,2007-12-17,2,0,1,1,9,0,13
918,2007/2008,35,2007-12-24,1,0,1,1,12,2,17
919,2007/2008,36,2008-01-01,0,2,2,0,11,0,15
920,2007/2008,37,2008-01-08,1,1,6,0,6,0,14
921,2007/2008,38,2008-01-15,2,0,5,0,8,0,15
922,2007/2008,39,2008-01-22,1,0,6,0,3,0,10
923,2007/2008,40,2008-01-29,1,0,2,0,6,0,9
924,2007/2008,41,2008-02-05,1,0,0,0,1,0,2
925,2007/2008,42,2008-02-12,1,0,1,0,4,0,6
926,2007/2008,43,2008-02-19,1,0,1,0,6,0,8
927,2007/2008,44,2008-02-26,1,0,1,0,3,0,5
928,2007/2008,45,2008-03-04,1,0,0,0,0,0,1
929,2007/2008,46,2008-03-11,1,0,0,0,1,0,2
930,2007/2008,47,2008-03-18,0,0,2,0,1,0,3
931,2007/2008,48,2008-03-25,0,1,1,0,2,0,4
932,2007/2008,49,2008-04-01,0,0,0,0,2,1,3
933,2007/2008,50,2008-04-08,0,0,0,0,1,0,1
934,2007/2008,51,2008-04-15,0,1,2,0,0,0,3
935,2007/2008,52,2008-04-22,2,0,1,0,2,0,5
936,2008/2009,1,2008-04-29,0,0,1,0,1,0,2
937,2008/2009,2,2008-05-06,1,0,0,0,2,0,3
938,2008/2009,3,2008-05-13,0,0,0,0,2,0,2
939,2008/2009,4,2008-05-20,1,0,0,0,2,0,3
940,2008/2009,5,2008-05-27,1,0,0,0,1,0,2
941,2008/2009,6,2008-06-03,0,0,0,0,2,0,2
942,2008/2009,7,2008-06-10,0,1,1,0,1,0,3
943,2008/2009,8,2008-06-17,0,0,2,0,2,0,4
944,2008/2009,9,2008-06-24,0,0,0,0,3,0,3
945,2008/2009,10,2008-07-01,2,0,1,0,1,0,4
946,2008/2009,11,2008-07-08,0,0,1,0,3,0,4
947,2008/2009,12,2008-07-15,3,0,1,0,0,0,4
948,2008/2009,13,2008-07-22,2,0,0,0,5,0,7
949,2008/2009,14,2008-07-29,1,1,1,0,3,0,6
950,2008/2009,15,2008-08-05,3,0,2,0,10,0,15
951,2008/2009,16,2008-08-12,3,1,0,0,7,0,11
952,2008/2009,17,2008-08-19,1,1,0,1,6,0,9
953,2008/2009,18,2008-08-26,1,0,1,0,7,0,9
954,2008/2009,19,2008-09-02,3,0,2,0,7,0,12
955,2008/2009,20,2008-09-09,3,0,4,0,6,0,13
956,2008/2009,21,2008-09-16,1,0,1,0,11,0,13
957,2008/2009,22,2008-09-23,1,0,1,0,11,0,13
958,2008/2009,23,2008-09-30,3,1,3,0,12,1,20
959,2008/2009,24,2008-10-07,9,2,1,0,16,0,28
960,2008/2009,25,2008-10-14,17,2,2,0,24,0,45
961,2008/2009,26,2008-10-21,9,5,2,0,12,0,28
962,2008/2009,27,2008-10-28,9,1,4,1,19,0,34
963,2008/2009,28,2008-11-04,11,2,4,0,24,0,41
964,2008/2009,29,2008-11-11,19,1,1,0,13,2,36
965,2008/2009,30,2008-11-18,19,5,2,0,12,0,38
966,2008/2009,31,2008-11-25,26,1,2,0,19,0,48
967,2008/2009,32,2008-12-02,13,1,1,1,11,0,27
968,2008/2009,33,2008-12-09,14,1,1,0,6,1,23
969,2008/2009,34,2008-12-16,13,3,2,0,10,0,28
970,2008/2009,35,2008-12-23,20,3,0,0,19,0,42
971,2008/2009,36,2009-01-01,15,0,2,0,13,0,30
972,2008/2009,37,2009-01-08,10,0,0,0,8,0,18
973,2008/2009,38,2009-01-15,25,1,0,0,12,0,38
974,2008/2009,39,2009-01-22,16,1,1,0,10,0,28
975,2008/2009,40,2009-01-29,21,1,1,0,13,0,36
976,2008/2009,41,2009-02-05,27,2,0,0,15,0,44
977,2008/2009,42,2009-02-12,27,1,0,0,13,0,41
978,2008/2009,43,2009-02-19,21,1,0,1,12,0,35
979,2008/2009,44,2009-02-26,13,0,0,0,15,0,28
980,2008/2009,45,2009-03-05,16,1,0,0,11,0,28
981,2008/2009,46,2009-03-12,12,0,0,0,10,0,22
982,2008/2009,47,2009-03-19,14,0,0,0,12,0,26
983,2008/2009,48,2009-03-26,11,0,0,0,13,0,24
984,2008/2009,49,2009-04-02,4,0,0,1,4,0,9
985,2008/2009,50,2009-04-09,13,0,0,1,7,0,21
986,2008/2009,51,2009-04-16,7,0,0,0,3,0,10
987,2008/2009,52,2009-04-23,11,0,0,1,3,0,15
